cluster,mal,seed,scheduler,policy,baseline_cluster,baseline_mal,baseline_seed,baseline_scheduler,baseline_policy,cost_savings_delta_pct,co2_savings_delta_pct,energy_savings_delta_pct,turnaround_delta_pct,turnaround_delta_s,run_cost_per_day_usd,baseline_cost_per_day_usd,run_turnaround_mean_s,baseline_turnaround_mean_s
cori_haswell,0,S0,min_steal_agreement,F30,cori_haswell,0,S0,rigid_easy_backfill,F0,7.371278269937644,7.756795745603734,6.219513404653197,38.110042162071736,1229.3604923239172,2727.6556077810505,2944.719042685222,4455.178210120655,3225.817717796738
cori_haswell,0,S0,min_steal_agreement,F10,cori_haswell,0,S0,rigid_easy_backfill,F0,3.4890375851081115,3.6854600001680025,2.9022096182839427,5.234882881086943,168.86777948401095,2841.976688510099,2944.719042685222,3394.685497280749,3225.817717796738
cori_haswell,0,S0,min_steal_agreement,F0,cori_haswell,0,S0,rigid_easy_backfill,F0,1.571869024807269,1.6749105460655376,1.2640240856231904,2.2615722448954134,72.95419817660968,2898.431916185652,2944.719042685222,3298.771915973348,3225.817717796738
cori_haswell,0,S0,rigid_easy_backfill,F30,cori_haswell,0,S0,rigid_easy_backfill,F0,5.875320106591043,6.161493505365147,5.020353764227719,35.865507672810956,1156.9559010872845,2771.707372687722,2944.719042685222,4382.773618884023,3225.817717796738
cori_haswell,0,S0,rigid_easy_backfill,F10,cori_haswell,0,S0,rigid_easy_backfill,F0,1.9416360865236433,2.0362087375421987,1.6590925871095163,3.611256274480529,116.49254473723931,2887.5433151057123,2944.719042685222,3342.3102625339775,3225.817717796738
cori_haswell,0,S0,rigid_easy_backfill,F0,cori_haswell,0,S0,rigid_easy_backfill,F0,0.0,0.0,0.0,0.0,0.0,2944.719042685222,2944.719042685222,3225.817717796738,3225.817717796738
cori_haswell,0,S3,min_steal_agreement,F30,cori_haswell,0,S3,rigid_easy_backfill,F0,7.381437551648185,7.7674498465180655,6.228194364738479,39.72253568232861,1281.376593998688,2727.356554368639,2944.7191602542234,4507.194311795426,3225.817717796738
cori_haswell,0,S3,min_steal_agreement,F10,cori_haswell,0,S3,rigid_easy_backfill,F0,3.4808159614409107,3.676837911816857,2.8951844109431675,5.607696511137782,180.8940676165521,2842.2189057044857,2944.7191602542234,3406.7117854132903,3225.817717796738
cori_haswell,0,S3,min_steal_agreement,F0,cori_haswell,0,S3,rigid_easy_backfill,F0,1.5718729545867929,1.6749146629412575,1.2640274540502916,2.2615722448954134,72.95419817660968,2898.431916185652,2944.7191602542234,3298.771915973348,3225.817717796738
cori_haswell,0,S3,rigid_easy_backfill,F30,cori_haswell,0,S3,rigid_easy_backfill,F0,5.866278191813199,6.152011167644078,5.012627642253175,40.0006971363979,1290.3495754681362,2771.973742346085,2944.7191602542234,4516.167293264874,3225.817717796738
cori_haswell,0,S3,rigid_easy_backfill,F10,cori_haswell,0,S3,rigid_easy_backfill,F0,1.9285890714527538,2.022526228287576,1.6479441605076826,3.538429777657967,114.14329469948643,2887.927628344585,2944.7191602542234,3339.9610124962246,3225.817717796738
cori_haswell,0,S3,rigid_easy_backfill,F0,cori_haswell,0,S3,rigid_easy_backfill,F0,0.0,0.0,0.0,0.0,0.0,2944.7191602542234,2944.7191602542234,3225.817717796738,3225.817717796738
cori_haswell,0,S7,min_steal_agreement,F30,cori_haswell,0,S7,rigid_easy_backfill,F0,7.264145823229991,7.644445122552133,6.127970684879594,35.501199149550274,1145.2039855992457,2730.8103573401454,2944.719042685222,4371.021741148928,3225.8177555496827
cori_haswell,0,S7,min_steal_agreement,F10,cori_haswell,0,S7,rigid_easy_backfill,F0,3.475381379704539,3.6711386322466804,2.890540640090415,5.682051420337957,183.29262359672475,2842.378825391126,2944.719042685222,3409.1103791464075,3225.8177555496827
cori_haswell,0,S7,min_steal_agreement,F0,cori_haswell,0,S7,rigid_easy_backfill,F0,1.571869024807269,1.6749105460655376,1.2640240856231904,2.261571048090213,72.95416042366514,2898.431916185652,2944.719042685222,3298.771915973348,3225.8177555496827
cori_haswell,0,S7,rigid_easy_backfill,F30,cori_haswell,0,S7,rigid_easy_backfill,F0,5.760445583520229,6.041023707125768,4.922195581550357,36.5489199284177,1179.0015485125346,2775.090104643782,2944.719042685222,4404.819304062217,3225.8177555496827
cori_haswell,0,S7,rigid_easy_backfill,F10,cori_haswell,0,S7,rigid_easy_backfill,F0,1.9229715791210145,2.016635124691189,1.6431441062954584,3.603633772291981,116.24665807157953,2888.092932409421,2944.719042685222,3342.0644136212622,3225.8177555496827
cori_haswell,0,S7,rigid_easy_backfill,F0,cori_haswell,0,S7,rigid_easy_backfill,F0,0.0,0.0,0.0,0.0,0.0,2944.719042685222,2944.719042685222,3225.8177555496827,3225.8177555496827
cori_haswell,100,S0,min_steal_agreement,F30,cori_haswell,0,S0,rigid_easy_backfill,F0,1.6545723049609564,1.8450519655740392,1.085498801181783,-54.96866345009151,-1773.1888848091119,2895.996536946041,2944.719042685222,1452.6288329876263,3225.817717796738
cori_haswell,100,S0,min_steal_agreement,F10,cori_haswell,0,S0,rigid_easy_backfill,F0,-5.8710103296051575,-6.12940796848636,-5.099026332715454,-61.56835096266001,-1986.0827739087651,3117.6038018591216,2944.719042685222,1239.734943887973,3225.817717796738
cori_haswell,100,S0,min_steal_agreement,F0,cori_haswell,0,S0,rigid_easy_backfill,F0,-9.622945007722569,-10.064079894906842,-8.305018594577291,-62.50192191466083,-2016.1980710866112,3228.0877367947555,2944.719042685222,1209.619646710127,3225.817717796738
cori_haswell,100,S0,rigid_easy_backfill,F30,cori_haswell,0,S0,rigid_easy_backfill,F0,6.055929372907148,6.3508998357822515,5.174681084876903,37.05074227508126,1195.1894088847775,2766.3889372296576,2944.719042685222,4421.007126681516,3225.817717796738
cori_haswell,100,S0,rigid_easy_backfill,F10,cori_haswell,0,S0,rigid_easy_backfill,F0,2.195948519229746,2.3029081469402435,1.876397917826104,3.671570192101803,118.4381617781637,2880.0545284718996,2944.719042685222,3344.255879574902,3225.817717796738
cori_haswell,100,S0,rigid_easy_backfill,F0,cori_haswell,0,S0,rigid_easy_backfill,F0,0.2482099093918035,0.26029964613660955,0.21209083595947667,-0.023758424870254004,-0.7664034789340803,2937.40995821753,2944.719042685222,3225.051314317804,3225.817717796738
cori_haswell,100,S3,min_steal_agreement,F30,cori_haswell,0,S3,rigid_easy_backfill,F0,1.641036965867285,1.8308573431362278,1.0739331203908509,-54.74362583585324,-1765.9295815773064,2896.395230293475,2944.7191602542234,1459.8881362194318,3225.817717796738
cori_haswell,100,S3,min_steal_agreement,F10,cori_haswell,0,S3,rigid_easy_backfill,F0,-5.87936650874719,-6.138171147158054,-5.106166561610577,-61.0297593084566,-1968.708788900897,3117.8499923388717,2944.7191602542234,1257.1089288958412,3225.817717796738
cori_haswell,100,S3,min_steal_agreement,F0,cori_haswell,0,S3,rigid_easy_backfill,F0,-9.573051204919357,-10.011995794255943,-8.261668474859784,-62.45933890306651,-2014.8244207538303,3226.6186333064315,2944.7191602542234,1210.993297042908,3225.817717796738
cori_haswell,100,S3,rigid_easy_backfill,F30,cori_haswell,0,S3,rigid_easy_backfill,F0,5.968179241616556,6.2588755842105614,5.0997002293891045,42.313143663959735,1364.944885268801,2768.9730426080255,2944.7191602542234,4590.762603065539,3225.817717796738
cori_haswell,100,S3,rigid_easy_backfill,F10,cori_haswell,0,S3,rigid_easy_backfill,F0,2.1158147101539257,2.2188711990675722,1.8079250514928842,3.0417656342086885,98.12181476215619,2882.4143590888434,2944.7191602542234,3323.9395325588944,3225.817717796738
cori_haswell,100,S3,rigid_easy_backfill,F0,cori_haswell,0,S3,rigid_easy_backfill,F0,0.17253535437851364,0.18093915635153413,0.14742831116224567,-0.02375842468298788,-0.7664034728932165,2939.638478615627,2944.7191602542234,3225.051314323845,3225.817717796738
cori_haswell,100,S7,min_steal_agreement,F30,cori_haswell,0,S7,rigid_easy_backfill,F0,1.63223357311275,1.8216251652119053,1.0664107626600368,-55.098153695447515,-1777.3660248877995,2896.6543498366696,2944.719042685222,1448.4517306618832,3225.8177555496827
cori_haswell,100,S7,min_steal_agreement,F10,cori_haswell,0,S7,rigid_easy_backfill,F0,-5.899333835654171,-6.159111047706575,-5.12322825152649,-60.838190405680336,-1962.5291482615598,3118.437849535303,2944.719042685222,1263.2886072881229,3225.8177555496827
cori_haswell,100,S7,min_steal_agreement,F0,cori_haswell,0,S7,rigid_easy_backfill,F0,-9.622945007722569,-10.064079894906842,-8.305018594577291,-62.50192235351477,-2016.1981088395557,3228.0877367947555,2944.719042685222,1209.619646710127,3225.8177555496827
cori_haswell,100,S7,rigid_easy_backfill,F30,cori_haswell,0,S7,rigid_easy_backfill,F0,6.028515952422341,6.322151170311686,5.151256817565441,35.59201407465372,1148.1335095779218,2767.196185442925,2944.719042685222,4373.9512651276045,3225.8177555496827
cori_haswell,100,S7,rigid_easy_backfill,F10,cori_haswell,0,S7,rigid_easy_backfill,F0,2.1115295333787714,2.214377305451839,1.8042634356697635,3.8562393918404445,124.39525499849015,2882.540430423895,2944.719042685222,3350.213010548173,3225.8177555496827
cori_haswell,100,S7,rigid_easy_backfill,F0,cori_haswell,0,S7,rigid_easy_backfill,F0,0.2482099093918035,0.26029964613660955,0.21209083595947667,-0.023758424592186227,-0.7664034789336256,2937.40995821753,2944.719042685222,3225.051352070749,3225.8177555496827
cori_haswell,25,S0,min_steal_agreement,F30,cori_haswell,0,S0,rigid_easy_backfill,F0,4.770026034357393,5.076507864665629,3.854386598332889,-21.726290851752662,-700.8505397158892,2804.2551777104572,2944.719042685222,2524.967178080849,3225.817717796738
cori_haswell,25,S0,min_steal_agreement,F10,cori_haswell,0,S0,rigid_easy_backfill,F0,-1.453991234814453,-1.4990741507184713,-1.3193023508037274,-24.61778738709465,-794.1249472624299,2987.5349994557773,2944.719042685222,2431.6927705343082,3225.817717796738
cori_haswell,25,S0,min_steal_agreement,F0,cori_haswell,0,S0,rigid_easy_backfill,F0,-4.785752206270395,-4.976525325051052,-4.215801972306324,-22.884006886694166,-738.1963486928062,3085.6459992389946,2944.719042685222,2487.621369103932,3225.817717796738
cori_haswell,25,S0,rigid_easy_backfill,F30,cori_haswell,0,S0,rigid_easy_backfill,F0,5.879766910844579,6.166156903278881,5.024153477275809,37.736569223108404,1217.312936087662,2771.576426796077,2944.719042685222,4443.1306538844,3225.817717796738
cori_haswell,25,S0,rigid_easy_backfill,F10,cori_haswell,0,S0,rigid_easy_backfill,F0,1.9669979356305718,2.062805904287384,1.6807638241351848,3.6142216102147247,116.58820106274516,2886.7964799054835,2944.719042685222,3342.4059188594833,3225.817717796738
cori_haswell,25,S0,rigid_easy_backfill,F0,cori_haswell,0,S0,rigid_easy_backfill,F0,0.013774252982590832,0.014445165327835286,0.011769847694038745,-0.6458321798248531,-20.833368884023002,2944.313429634656,2944.719042685222,3204.984348912715,3225.817717796738
cori_haswell,25,S3,min_steal_agreement,F30,cori_haswell,0,S3,rigid_easy_backfill,F0,5.176106225196864,5.428222505158863,4.422888293960456,-22.691902370229432,-731.999407163999,2792.2973684857398,2944.7191602542234,2493.818310632739,3225.817717796738
cori_haswell,25,S3,min_steal_agreement,F10,cori_haswell,0,S3,rigid_easy_backfill,F0,-1.520000326556406,-1.5940360613732318,-1.2988125356446039,-22.614848729504423,-729.5137971692843,2989.4789011062567,2944.7191602542234,2496.303920627454,3225.817717796738
cori_haswell,25,S3,min_steal_agreement,F0,cori_haswell,0,S3,rigid_easy_backfill,F0,-4.762622518601681,-4.99459895417173,-4.069574013667836,-22.60128524901117,-729.076264012383,3084.9650180900694,2944.7191602542234,2496.741453784355,3225.817717796738
cori_haswell,25,S3,rigid_easy_backfill,F30,cori_haswell,0,S3,rigid_easy_backfill,F0,5.846296612213883,6.131056331064066,4.99555374719457,39.42517118490233,1271.7841573542737,2772.5621437490677,2944.7191602542234,4497.601875151012,3225.817717796738
cori_haswell,25,S3,rigid_easy_backfill,F10,cori_haswell,0,S3,rigid_easy_backfill,F0,1.912847032195599,2.0060174303504756,1.6344928752898256,2.923893567321808,94.31947674418598,2888.3911871908053,2944.7191602542234,3320.137194540924,3225.817717796738
cori_haswell,25,S3,rigid_easy_backfill,F0,cori_haswell,0,S3,rigid_easy_backfill,F0,-0.02514899016613196,-0.02637393988114508,-0.02148935307177858,-0.05594571322198039,-1.8047067294623957,2945.459727386256,2944.7191602542234,3224.013011067276,3225.817717796738
cori_haswell,25,S7,min_steal_agreement,F30,cori_haswell,0,S7,rigid_easy_backfill,F0,5.005518494005165,5.24932584646738,4.27712416641191,-22.580479268570144,-728.4051095337509,2797.3205864071215,2944.719042685222,2497.412646015932,3225.8177555496827
cori_haswell,25,S7,min_steal_agreement,F10,cori_haswell,0,S7,rigid_easy_backfill,F0,-1.1613106146419532,-1.2178753974274208,-0.9923187179356567,-23.39864584462838,-754.7976722142103,2978.9163774993085,2944.719042685222,2471.0200833354725,3225.8177555496827
cori_haswell,25,S7,min_steal_agreement,F0,cori_haswell,0,S7,rigid_easy_backfill,F0,-5.052689578553411,-5.298794526609404,-4.317430996942148,-21.994663776200433,-709.5077693661278,3093.506554872656,2944.719042685222,2516.309986183555,3225.8177555496827
cori_haswell,25,S7,rigid_easy_backfill,F30,cori_haswell,0,S7,rigid_easy_backfill,F0,5.8594861532401135,6.144888316376962,5.006823940173629,34.34117121169585,1107.783598410601,2772.1736381272567,2944.719042685222,4333.601353960284,3225.8177555496827
cori_haswell,25,S7,rigid_easy_backfill,F10,cori_haswell,0,S7,rigid_easy_backfill,F0,1.9070801208561547,1.999969629856294,1.6295651453414934,3.0446897111012667,98.216141302099,2888.5608912071066,2944.719042685222,3324.0338968517817,3225.8177555496827
cori_haswell,25,S7,rigid_easy_backfill,F0,cori_haswell,0,S7,rigid_easy_backfill,F0,-0.02055358097227262,-0.02155469887174664,-0.017562659690125364,0.2405109392526948,7.758444582452739,2945.3242878980664,2944.719042685222,3233.5762001321355,3225.8177555496827
cori_haswell,50,S0,min_steal_agreement,F30,cori_haswell,0,S0,rigid_easy_backfill,F0,2.1383496236478163,2.2782327034167564,1.7204375270670542,-38.355018600826774,-1237.2629856897047,2881.750654118477,2944.719042685222,1988.5547321070335,3225.817717796738
cori_haswell,50,S0,min_steal_agreement,F10,cori_haswell,0,S0,rigid_easy_backfill,F0,-5.457184241936508,-5.6841884508504625,-4.778990674582012,-39.96061168453927,-1289.0564918598213,3105.4177862519437,2944.719042685222,1936.7612259369168,3225.817717796738
cori_haswell,50,S0,min_steal_agreement,F0,cori_haswell,0,S0,rigid_easy_backfill,F0,-9.144015934566486,-9.59493296871803,-7.79686456043775,-41.40956965835256,-1335.797234902519,3213.9846211765725,2944.719042685222,1890.0204828942192,3225.817717796738
cori_haswell,50,S0,rigid_easy_backfill,F30,cori_haswell,0,S0,rigid_easy_backfill,F0,5.8917746271014675,6.178749487919203,5.034413851590892,37.069207053460055,1195.7850489772727,2771.222833288869,2944.719042685222,4421.602766774011,3225.817717796738
cori_haswell,50,S0,rigid_easy_backfill,F10,cori_haswell,0,S0,rigid_easy_backfill,F0,1.9843452075529278,2.0809981221318874,1.695586751280695,3.659624501804431,118.05281558403794,2886.2856514857995,2944.719042685222,3343.870533380776,3225.817717796738
cori_haswell,50,S0,rigid_easy_backfill,F0,cori_haswell,0,S0,rigid_easy_backfill,F0,0.02170742419323496,0.022764743155843682,0.018548597656166566,0.5123632906546134,16.52790580942292,2944.0798200313275,2944.719042685222,3242.345623606161,3225.817717796738
cori_haswell,50,S3,min_steal_agreement,F30,cori_haswell,0,S3,rigid_easy_backfill,F0,1.984219726227665,2.078445901795479,1.7027113482680885,-36.067669717468874,-1163.4772801425197,2886.2894617944535,2944.7191602542234,2062.3404376542185,3225.817717796738
cori_haswell,50,S3,min_steal_agreement,F10,cori_haswell,0,S3,rigid_easy_backfill,F0,-4.947251363290462,-5.197891197440539,-4.198444434225049,-37.571401951463585,-1211.9849409749418,3090.401819054976,2944.7191602542234,2013.8327768217964,3225.817717796738
cori_haswell,50,S3,min_steal_agreement,F0,cori_haswell,0,S3,rigid_easy_backfill,F0,-8.382706226329285,-8.810455380395203,-7.104770771450031,-37.49355672131768,-1209.4737957484356,3191.5663166487657,2944.7191602542234,2016.3439220483026,3225.817717796738
cori_haswell,50,S3,rigid_easy_backfill,F30,cori_haswell,0,S3,rigid_easy_backfill,F0,5.921234169044254,6.209643924666388,5.059586521728191,41.16256221428622,1327.8292250075501,2770.3554431548573,2944.7191602542234,4553.646942804288,3225.817717796738
cori_haswell,50,S3,rigid_easy_backfill,F10,cori_haswell,0,S3,rigid_easy_backfill,F0,1.972356374004381,2.068425335911054,1.6853425216879385,2.9926359784224577,96.53698162111141,2886.638804200421,2944.7191602542234,3322.3546994178496,3225.817717796738
cori_haswell,50,S3,rigid_easy_backfill,F0,cori_haswell,0,S3,rigid_easy_backfill,F0,0.03064724586677891,0.03214000302491524,0.02618751221252891,-0.02433071972554031,-0.7848646677739453,2943.816684933094,2944.7191602542234,3225.0328531289642,3225.817717796738
cori_haswell,50,S7,min_steal_agreement,F30,cori_haswell,0,S7,rigid_easy_backfill,F0,2.298494531047099,2.5335959996706445,1.59610974065801,-35.95317630036801,-1159.7839447813517,2877.0348365344,2944.719042685222,2066.033810768331,3225.8177555496827
cori_haswell,50,S7,min_steal_agreement,F10,cori_haswell,0,S7,rigid_easy_backfill,F0,-5.847068148118993,-6.137978048849788,-4.977951120295277,-40.80910985795509,-1316.4275116796914,3116.8987718816643,2944.719042685222,1909.3902438699913,3225.8177555496827
cori_haswell,50,S7,min_steal_agreement,F0,cori_haswell,0,S7,rigid_easy_backfill,F0,-9.636567169308389,-10.11377882570111,-8.210858469105782,-40.61558082769034,-1310.1846178592677,3228.4888711809986,2944.719042685222,1915.633137690415,3225.8177555496827
cori_haswell,50,S7,rigid_easy_backfill,F30,cori_haswell,0,S7,rigid_easy_backfill,F0,5.887641579006283,6.1744151285083335,5.030882237452218,35.36090518336631,1140.6783579281187,2771.344539943171,2944.719042685222,4366.496113477801,3225.8177555496827
cori_haswell,50,S7,rigid_easy_backfill,F10,cori_haswell,0,S7,rigid_easy_backfill,F0,1.9638828003437974,2.059539037888701,1.6781019979058496,3.8373267327408187,123.78516708320785,2886.8882118874785,2944.719042685222,3349.6029226328906,3225.8177555496827
cori_haswell,50,S7,rigid_easy_backfill,F0,cori_haswell,0,S7,rigid_easy_backfill,F0,-0.014906270333897643,-0.01563232065407584,-0.01273713585389483,-0.5775861415748827,-18.631876308516894,2945.1579904662985,2944.719042685222,3207.185879241166,3225.8177555496827
cori_haswell,75,S0,min_steal_agreement,F30,cori_haswell,0,S0,rigid_easy_backfill,F0,1.6134491049125443,1.8151835783162904,1.010750931030629,-46.81470015448716,-1510.156892116864,2897.207499648828,2944.719042685222,1715.6608256798743,3225.817717796738
cori_haswell,75,S0,min_steal_agreement,F10,cori_haswell,0,S0,rigid_easy_backfill,F0,-5.796900091966633,-6.0017471872971635,-5.18490270650552,-50.51131764359764,-1629.4030340397626,3115.4214635788007,2944.719042685222,1596.4146837569756,3225.817717796738
cori_haswell,75,S0,min_steal_agreement,F0,cori_haswell,0,S0,rigid_easy_backfill,F0,-9.683538519915842,-10.145956694589504,-8.302026551522246,-52.195985171500936,-1683.7473376408354,3229.8720454869426,2944.719042685222,1542.0703801559027,3225.817717796738
cori_haswell,75,S0,rigid_easy_backfill,F30,cori_haswell,0,S0,rigid_easy_backfill,F0,5.906579296650877,6.194275259047036,5.047064171429425,37.07342182494384,1195.9210098225612,2770.786877365441,2944.719042685222,4421.738727619299,3225.817717796738
cori_haswell,75,S0,rigid_easy_backfill,F10,cori_haswell,0,S0,rigid_easy_backfill,F0,2.0288542246574512,2.127675071616265,1.73361889378665,3.623751566841718,116.89562009211704,2884.9749859834105,2944.719042685222,3342.713337888855,3225.817717796738
cori_haswell,75,S0,rigid_easy_backfill,F0,cori_haswell,0,S0,rigid_easy_backfill,F0,0.01947346660279583,0.020421974602820667,0.016639721681404554,-0.6455645937754834,-20.82473704583208,2944.1456038058986,2944.719042685222,3204.992980750906,3225.817717796738
cori_haswell,75,S3,min_steal_agreement,F30,cori_haswell,0,S3,rigid_easy_backfill,F0,1.7926298533912335,1.9898339730349313,1.2034664758717848,-45.846365234822485,-1478.920172710708,2891.9312454889746,2944.7191602542234,1746.8975450860303,3225.817717796738
cori_haswell,75,S3,min_steal_agreement,F10,cori_haswell,0,S3,rigid_easy_backfill,F0,-5.834255604977277,-6.082699872969837,-5.092008108727261,-49.67372467503633,-1602.3838116568922,3116.5216029121952,2944.7191602542234,1623.433906139846,3225.817717796738
cori_haswell,75,S3,min_steal_agreement,F0,cori_haswell,0,S3,rigid_easy_backfill,F0,-9.428981648215144,-9.889942970222403,-8.051822135166956,-51.38359247655179,-1657.5410301490792,3222.3761894660693,2944.7191602542234,1568.276687647659,3225.817717796738
cori_haswell,75,S3,rigid_easy_backfill,F30,cori_haswell,0,S3,rigid_easy_backfill,F0,5.901214097057023,6.188648720822432,5.042479735626001,42.279263689413874,1363.8519790471155,2770.944978050562,2944.7191602542234,4589.669696843854,3225.817717796738
cori_haswell,75,S3,rigid_easy_backfill,F10,cori_haswell,0,S3,rigid_easy_backfill,F0,1.9595953222167724,2.0550427225161134,1.6744384358524336,3.393477424025832,109.46739599365765,2887.0145813374606,2944.7191602542234,3335.285113790396,3225.817717796738
cori_haswell,75,S3,rigid_easy_backfill,F0,cori_haswell,0,S3,rigid_easy_backfill,F0,0.04586626433217822,0.04810030502535373,0.03919188571012854,-0.023772469642249664,-0.7668565376775405,2943.368527580341,2944.7191602542234,3225.0508612590606,3225.817717796738
cori_haswell,75,S7,min_steal_agreement,F30,cori_haswell,0,S7,rigid_easy_backfill,F0,1.6814339022522762,1.8731112123702038,1.1087823230096894,-46.44685539885683,-1498.2909083508102,2895.205538375434,2944.719042685222,1727.5268471988725,3225.8177555496827
cori_haswell,75,S7,min_steal_agreement,F10,cori_haswell,0,S7,rigid_easy_backfill,F0,-5.857050574499826,-6.097748764415884,-5.137945123303819,-50.45582547938441,-1627.6129770231432,3117.1927262922227,2944.719042685222,1598.2047785265395,3225.8177555496827
cori_haswell,75,S7,min_steal_agreement,F0,cori_haswell,0,S7,rigid_easy_backfill,F0,-9.573930772848021,-9.996855863469323,-8.310407610421583,-51.04702056005001,-1646.6838529051902,3226.6444052867782,2944.719042685222,1579.1339026444925,3225.8177555496827
cori_haswell,75,S7,rigid_easy_backfill,F30,cori_haswell,0,S7,rigid_easy_backfill,F0,5.7839419893062125,6.065664569074258,4.9422728313166315,34.55332052483183,1114.627148622018,2774.3982015082556,2944.719042685222,4340.444904171701,3225.8177555496827
cori_haswell,75,S7,rigid_easy_backfill,F10,cori_haswell,0,S7,rigid_easy_backfill,F0,1.9657796670978167,2.061528296682,1.6797228359162926,3.2060867399728985,103.42251531636975,2886.8323544909586,2944.719042685222,3329.2402708660525,3225.8177555496827
cori_haswell,75,S7,rigid_easy_backfill,F0,cori_haswell,0,S7,rigid_easy_backfill,F0,0.07104719763031549,0.07450774406018086,0.06070853325268156,-0.02566521944878547,-0.8279132059797121,2942.626902327308,2944.719042685222,3224.989842343703,3225.8177555496827
cori_knl,0,S0,min_steal_agreement,F30,cori_knl,0,S0,rigid_easy_backfill,F0,8.873142938923609,9.287951267696892,7.6245689915776085,3.91610877151724,259.89350511163593,9089.359011475302,9974.401954171752,6896.417674253749,6636.524169142113
cori_knl,0,S0,min_steal_agreement,F10,cori_knl,0,S0,rigid_easy_backfill,F0,3.415668468678918,3.575346695310551,2.9350366686341878,14.678104895330907,974.1159789506673,9633.709451683813,9974.401954171752,7610.640148092781,6636.524169142113
cori_knl,0,S0,min_steal_agreement,F0,cori_knl,0,S0,rigid_easy_backfill,F0,0.052378689825930046,0.054827328029946,0.04500828365100681,0.4043385690505248,26.834026860201448,9969.177493110185,9974.401954171752,6663.358196002315,6636.524169142113
cori_knl,0,S0,rigid_easy_backfill,F30,cori_knl,0,S0,rigid_easy_backfill,F0,8.86964587502109,9.28429072043307,7.621564012939093,0.21307595093160953,14.140836982205656,9089.707822685534,9974.401954171752,6650.665006124319,6636.524169142113
cori_knl,0,S0,rigid_easy_backfill,F10,cori_knl,0,S0,rigid_easy_backfill,F0,3.277581582788753,3.4308044203033705,2.8163805176472896,20.28010446772224,1345.894034527656,9647.482792728497,9974.401954171752,7982.418203669769,6636.524169142113
cori_knl,0,S0,rigid_easy_backfill,F0,cori_knl,0,S0,rigid_easy_backfill,F0,0.0,0.0,0.0,0.0,0.0,9974.401954171752,9974.401954171752,6636.524169142113,6636.524169142113
cori_knl,0,S3,min_steal_agreement,F30,cori_knl,0,S3,rigid_easy_backfill,F0,9.15349351526747,9.581407934411798,7.8654702360685365,7.490651442060929,497.1174537300476,9061.39467119951,9974.40080177695,7133.622403602257,6636.504949872209
cori_knl,0,S3,min_steal_agreement,F10,cori_knl,0,S3,rigid_easy_backfill,F0,3.451429541758429,3.612779573319132,2.9657656158597954,3.2112632628473774,213.11564539229403,9630.141385891031,9974.40080177695,6849.620595264503,6636.504949872209
cori_knl,0,S3,min_steal_agreement,F0,cori_knl,0,S3,rigid_easy_backfill,F0,0.05236208768659046,0.05480995005742935,0.044994016930846835,0.4042041867719226,26.825030862709355,9969.177997282912,9974.40080177695,6663.3299807349185,6636.504949872209
cori_knl,0,S3,rigid_easy_backfill,F30,cori_knl,0,S3,rigid_easy_backfill,F0,9.102709576091634,9.528249909342088,7.821832300302106,14.687685872524606,974.7489999517766,9066.46006483584,9974.40080177695,7611.253949823986,6636.504949872209
cori_knl,0,S3,rigid_easy_backfill,F10,cori_knl,0,S3,rigid_easy_backfill,F0,3.58462611364802,3.7522029190188952,3.080219585810366,4.762648053999603,316.07337384867606,9616.855825956536,9974.40080177695,6952.578323720885,6636.504949872209
cori_knl,0,S3,rigid_easy_backfill,F0,cori_knl,0,S3,rigid_easy_backfill,F0,0.0,0.0,0.0,0.0,0.0,9974.40080177695,9974.40080177695,6636.504949872209,6636.504949872209
cori_knl,0,S7,min_steal_agreement,F30,cori_knl,0,S7,rigid_easy_backfill,F0,8.564352924149379,8.964725681933999,7.3592300629741185,0.21505283031048156,14.272036046680114,9120.159495593052,9974.402530369152,6650.797594010705,6636.525557964025
cori_knl,0,S7,min_steal_agreement,F10,cori_knl,0,S7,rigid_easy_backfill,F0,3.7709831614302867,3.94727189465658,3.240353695642296,1.5629289460208424,103.72417895549097,9598.269490495655,9974.402530369152,6740.249736919516,6636.525557964025
cori_knl,0,S7,min_steal_agreement,F0,cori_knl,0,S7,rigid_easy_backfill,F0,0.052385185656326196,0.054834127384236125,0.04501386579413401,0.4042622972834267,26.82897068042712,9969.17742108551,9974.402530369152,6663.354528644452,6636.525557964025
cori_knl,0,S7,rigid_easy_backfill,F30,cori_knl,0,S7,rigid_easy_backfill,F0,8.474613194681105,8.87079073266473,7.28211795411985,9.72183555217906,645.1921011235963,9129.110497439882,9974.402530369152,7281.7176590876215,6636.525557964025
cori_knl,0,S7,rigid_easy_backfill,F10,cori_knl,0,S7,rigid_easy_backfill,F0,3.473929513377525,3.636331361122331,2.985099602727514,-2.7901823399233305,-185.1711641028105,9627.898817083584,9974.402530369152,6451.354393861215,6636.525557964025
cori_knl,0,S7,rigid_easy_backfill,F0,cori_knl,0,S7,rigid_easy_backfill,F0,0.0,0.0,0.0,0.0,0.0,9974.402530369152,9974.402530369152,6636.525557964025,6636.525557964025
cori_knl,100,S0,min_steal_agreement,F30,cori_knl,0,S0,rigid_easy_backfill,F0,7.087367549213212,7.581102351996251,5.601224748089841,-53.60998024221816,-3557.83929584712,9267.479426843694,9974.401954171752,3078.6848732949934,6636.524169142113
cori_knl,100,S0,min_steal_agreement,F10,cori_knl,0,S0,rigid_easy_backfill,F0,-0.22792093959106918,-0.07616671949696455,-0.6847014631864957,-61.23018480745841,-4063.5560135573596,9997.13570482429,9974.401954171752,2572.9681555847537,6636.524169142113
cori_knl,100,S0,min_steal_agreement,F0,cori_knl,0,S0,rigid_easy_backfill,F0,-3.862830150140838,-3.8810033870086227,-3.8081286687109723,-62.70807781020906,-4161.636739878967,10359.696160153735,9974.401954171752,2474.8874292631463,6636.524169142113
cori_knl,100,S0,rigid_easy_backfill,F30,cori_knl,0,S0,rigid_easy_backfill,F0,10.34874185128161,10.832532582681333,8.892530726063141,4.661058674715121,309.3322854853641,8942.176844725329,9974.401954171752,6945.856454627477,6636.524169142113
cori_knl,100,S0,rigid_easy_backfill,F10,cori_knl,0,S0,rigid_easy_backfill,F0,3.4085675261491226,3.5679137926034303,2.928934926942222,18.06245533078823,1198.719213568259,9634.41772823427,9974.401954171752,7835.243382710372,6636.524169142113
cori_knl,100,S0,rigid_easy_backfill,F0,cori_knl,0,S0,rigid_easy_backfill,F0,-0.021563133868754168,-0.022571183393563884,-0.018528902666749888,1.127142592695691,74.80309058494458,9976.552747817737,9974.401954171752,6711.327259727058,6636.524169142113
cori_knl,100,S3,min_steal_agreement,F30,cori_knl,0,S3,rigid_easy_backfill,F0,6.927201802338676,7.4134491156875955,5.4635963919542485,-52.053370804965006,-3454.5245300468378,9283.453929663774,9974.40080177695,3181.9804198253714,6636.504949872209
cori_knl,100,S3,min_steal_agreement,F10,cori_knl,0,S3,rigid_easy_backfill,F0,-0.24452073777642314,-0.09354251921614715,-0.6989654852681261,-61.01783183652303,-4049.451430135551,9998.790280206233,9974.40080177695,2587.053519736658,6636.504949872209
cori_knl,100,S3,min_steal_agreement,F0,cori_knl,0,S3,rigid_easy_backfill,F0,-3.863034733882287,-3.8812175369829234,-3.8083044592560857,-62.70796983547883,-4161.617522095924,10359.715369246227,9974.40080177695,2474.887427776285,6636.504949872209
cori_knl,100,S3,rigid_easy_backfill,F30,cori_knl,0,S3,rigid_easy_backfill,F0,10.302350515313432,10.78397256805519,8.852667148843294,10.194987058285122,676.5908207619232,8946.803069375655,9974.40080177695,7313.095770634132,6636.504949872209
cori_knl,100,S3,rigid_easy_backfill,F10,cori_knl,0,S3,rigid_easy_backfill,F0,3.7093227109085984,3.882728926864264,3.187369645257289,9.004880111444677,597.6093143260841,9604.418087559588,9974.40080177695,7234.114264198293,6636.504949872209
cori_knl,100,S3,rigid_easy_backfill,F0,cori_knl,0,S3,rigid_easy_backfill,F0,-0.035100978242536024,-0.036741905249347576,-0.030161784586228924,1.1271458907498486,74.8030928318949,9977.901914032205,9974.40080177695,6711.308042704104,6636.504949872209
cori_knl,100,S7,min_steal_agreement,F30,cori_knl,0,S7,rigid_easy_backfill,F0,7.078610518333934,7.571935911051209,5.593700026298924,-53.34405962191076,-3540.1921504636753,9268.353423713475,9974.402530369152,3096.33340750035,6636.525557964025
cori_knl,100,S7,min_steal_agreement,F10,cori_knl,0,S7,rigid_easy_backfill,F0,-0.2114656881938379,-0.05894221491139796,-0.6705616704853862,-61.022936421504404,-4049.802771833278,9995.494969323221,9974.402530369152,2586.7227861307474,6636.525557964025
cori_knl,100,S7,min_steal_agreement,F0,cori_knl,0,S7,rigid_easy_backfill,F0,-3.863016734124267,-3.881198692460354,-3.808289000463115,-62.70808563667253,-4161.63813018774,10359.715369246227,9974.402530369152,2474.887427776285,6636.525557964025
cori_knl,100,S7,rigid_easy_backfill,F30,cori_knl,0,S7,rigid_easy_backfill,F0,10.118406957413272,10.591429792156974,8.694607208495933,21.246344183617346,1410.0190618787683,8965.151890775875,9974.402530369152,8046.5446198427935,6636.525557964025
cori_knl,100,S7,rigid_easy_backfill,F10,cori_knl,0,S7,rigid_easy_backfill,F0,3.611337333027325,3.7801628240037273,3.103172242449083,-2.2801815404683787,-151.32483070116177,9614.193208043509,9974.402530369152,6485.200727262863,6636.525557964025
cori_knl,100,S7,rigid_easy_backfill,F0,cori_knl,0,S7,rigid_easy_backfill,F0,-0.03350875239307137,-0.03507524454072088,-0.028793607662545757,1.1271424990788264,74.80310002604074,9977.744828215742,9974.402530369152,6711.328657990066,6636.525557964025
cori_knl,25,S0,min_steal_agreement,F30,cori_knl,0,S0,rigid_easy_backfill,F0,7.097553105219477,7.588705561375672,5.619183172909392,-17.299474039076106,-1148.0837757377512,9266.463478546362,9974.401954171752,5488.440393404362,6636.524169142113
cori_knl,25,S0,min_steal_agreement,F10,cori_knl,0,S0,rigid_easy_backfill,F0,-0.2657018825819546,-0.11952182067848433,-0.7057041782291413,-12.735779110118662,-845.2130587715774,10000.904127940277,9974.401954171752,5791.311110370536,6636.524169142113
cori_knl,25,S0,min_steal_agreement,F0,cori_knl,0,S0,rigid_easy_backfill,F0,-3.9016941047480937,-3.9254921292443368,-3.830062000651998,18.326301905728105,1216.2294552835974,10363.57260720155,9974.401954171752,7852.753624425711,6636.524169142113
cori_knl,25,S0,rigid_easy_backfill,F30,cori_knl,0,S0,rigid_easy_backfill,F0,9.032686715314275,9.454953515984874,7.7616627517750505,13.30494647760572,882.9859886777258,9073.445473925232,9974.401954171752,7519.510157819839,6636.524169142113
cori_knl,25,S0,rigid_easy_backfill,F10,cori_knl,0,S0,rigid_easy_backfill,F0,3.4793866131617115,3.6420435833126956,2.989788788821587,18.27698980225752,1212.9568456184597,9627.35394783536,9974.401954171752,7849.481014760573,6636.524169142113
cori_knl,25,S0,rigid_easy_backfill,F0,cori_knl,0,S0,rigid_easy_backfill,F0,-0.002912065416928871,-0.0030482008310913447,-0.0025022975319424676,0.5674872552370085,37.66142885060526,9974.692415281605,9974.401954171752,6674.185597992719,6636.524169142113
cori_knl,25,S3,min_steal_agreement,F30,cori_knl,0,S3,rigid_easy_backfill,F0,8.089030349135971,8.625640419120227,6.473832937995695,-8.371348232272869,-555.5649398058285,9167.568493776751,9974.40080177695,6080.940010066381,6636.504949872209
cori_knl,25,S3,min_steal_agreement,F10,cori_knl,0,S3,rigid_easy_backfill,F0,-0.2959957474057069,-0.15137520203593172,-0.7313038855608637,-5.321069907059804,-353.13306776818445,10003.92460397941,9974.40080177695,6283.371882104025,6636.504949872209
cori_knl,25,S3,min_steal_agreement,F0,cori_knl,0,S3,rigid_easy_backfill,F0,-3.9056701916443872,-3.9297974298973535,-3.833047155017487,23.85498009476427,1583.136934780061,10363.968000687091,9974.40080177695,8219.64188465227,6636.504949872209
cori_knl,25,S3,rigid_easy_backfill,F30,cori_knl,0,S3,rigid_easy_backfill,F0,8.586396830046938,8.987800185601174,7.378171906625848,20.445891467062836,1356.8925992571249,9117.959167516998,9974.40080177695,7993.397549129334,6636.504949872209
cori_knl,25,S3,rigid_easy_backfill,F10,cori_knl,0,S3,rigid_easy_backfill,F0,3.327780719157315,3.4833503222933095,2.8595158946715187,17.48343430631223,1160.288983146067,9642.474615043944,9974.40080177695,7796.793933018276,6636.504949872209
cori_knl,25,S3,rigid_easy_backfill,F0,cori_knl,0,S3,rigid_easy_backfill,F0,0.050710005948336544,0.053080635555944146,0.043574405968188734,-0.4109999738935621,-27.276033611419734,9969.342782537058,9974.40080177695,6609.228916260789,6636.504949872209
cori_knl,25,S7,min_steal_agreement,F30,cori_knl,0,S7,rigid_easy_backfill,F0,7.4285377655178255,7.93516330972261,5.903593788924201,-16.476037350732913,-1093.4364297210886,9233.450271515914,9974.402530369152,5543.089128242937,6636.525557964025
cori_knl,25,S7,min_steal_agreement,F10,cori_knl,0,S7,rigid_easy_backfill,F0,-0.29186366494513,-0.1468790803805328,-0.7282675759983642,-6.634076036899734,-440.27215172361775,10003.514187150668,9974.402530369152,6196.2534062404075,6636.525557964025
cori_knl,25,S7,min_steal_agreement,F0,cori_knl,0,S7,rigid_easy_backfill,F0,-3.8127002465731934,-3.832310356363212,-3.7536737739657524,15.287769062107865,1014.5767010493055,10354.69660023874,9974.402530369152,7651.102259013331,6636.525557964025
cori_knl,25,S7,rigid_easy_backfill,F30,cori_knl,0,S7,rigid_easy_backfill,F0,8.52265250524223,8.921075820743663,7.323397469529438,8.891038802461432,590.0560624938516,9124.318863231701,9974.402530369152,7226.581620457877,6636.525557964025
cori_knl,25,S7,rigid_easy_backfill,F10,cori_knl,0,S7,rigid_easy_backfill,F0,3.4539106714559753,3.615376663448603,2.9678976886308326,-0.12418901726031943,-8.241835870665454,9629.895576958757,9974.402530369152,6628.28372209336,6636.525557964025
cori_knl,25,S7,rigid_easy_backfill,F0,cori_knl,0,S7,rigid_easy_backfill,F0,-0.00990916707802722,-0.010372408210826295,-0.00851481027278561,-1.3981110966258365,-92.78600025630476,9975.390910580922,9974.402530369152,6543.73955770772,6636.525557964025
cori_knl,50,S0,min_steal_agreement,F30,cori_knl,0,S0,rigid_easy_backfill,F0,6.6670750614040095,7.138103207700908,5.2492793443535,-19.58003375992797,-1299.4336728038052,9309.401088960973,9974.401954171752,5337.090496338308,6636.524169142113
cori_knl,50,S0,min_steal_agreement,F10,cori_knl,0,S0,rigid_easy_backfill,F0,-0.2179742539863598,-0.069535423155782,-0.6647754488863246,4.135141097072446,274.4296383353412,9996.143582420958,9974.401954171752,6910.953807477455,6636.524169142113
cori_knl,50,S0,min_steal_agreement,F0,cori_knl,0,S0,rigid_easy_backfill,F0,-3.9166086407341067,-3.946403255355662,-3.8269267876719075,21.304649374479474,1413.8882048883142,10365.060242970394,9974.401954171752,8050.412374030428,6636.524169142113
cori_knl,50,S0,rigid_easy_backfill,F30,cori_knl,0,S0,rigid_easy_backfill,F0,9.083784995004219,9.508440576307255,7.805570796707169,15.868091028102796,1053.0896962615134,9068.34872611729,9974.401954171752,7689.613865403627,6636.524169142113
cori_knl,50,S0,rigid_easy_backfill,F10,cori_knl,0,S0,rigid_easy_backfill,F0,3.4925655523198937,3.6558386213847203,3.001113268945777,20.811092446351388,1381.1331800646185,9626.039427470427,9974.401954171752,8017.657349206732,6636.524169142113
cori_knl,50,S0,rigid_easy_backfill,F0,cori_knl,0,S0,rigid_easy_backfill,F0,-0.026132154976666627,-0.027353800520727778,-0.02245499930374741,0.30418279977313056,20.187165025316972,9977.008480348411,9974.401954171752,6656.71133416743,6636.524169142113
cori_knl,50,S3,min_steal_agreement,F30,cori_knl,0,S3,rigid_easy_backfill,F0,7.265158810725703,7.764146684222675,5.763204288169053,-23.90417450405536,-1586.4017241877245,9249.744743109557,9974.40080177695,5050.103225684485,6636.504949872209
cori_knl,50,S3,min_steal_agreement,F10,cori_knl,0,S3,rigid_easy_backfill,F0,-0.27957080396023865,-0.1340776671767878,-0.7175054440596298,-9.562872906438447,-634.6405337857759,10002.286314288694,9974.40080177695,6001.864416086433,6636.504949872209
cori_knl,50,S3,min_steal_agreement,F0,cori_knl,0,S3,rigid_easy_backfill,F0,-3.9018810152657095,-3.925726368474746,-3.830106453198956,26.237593249617458,1741.2591747381994,10363.590053047996,9974.40080177695,8377.764124610409,6636.504949872209
cori_knl,50,S3,rigid_easy_backfill,F30,cori_knl,0,S3,rigid_easy_backfill,F0,10.151006867025963,10.625553792742162,8.722619647411694,19.07223990864249,1265.7301455885618,8961.89869144388,9974.40080177695,7902.235095460771,6636.504949872209
cori_knl,50,S3,rigid_easy_backfill,F10,cori_knl,0,S3,rigid_easy_backfill,F0,3.7612527590756515,3.9370866400928044,3.2319924166098355,4.821867746207089,320.003491653325,9599.23837641885,9974.40080177695,6956.508441525534,6636.504949872209
cori_knl,50,S3,rigid_easy_backfill,F0,cori_knl,0,S3,rigid_easy_backfill,F0,0.002083317025603801,0.0021807095013296114,0.0017901654743545743,-0.10784624096992418,-7.157221120220129,9974.193003386845,9974.40080177695,6629.347728751989,6636.504949872209
cori_knl,50,S7,min_steal_agreement,F30,cori_knl,0,S7,rigid_easy_backfill,F0,7.083219580240482,7.573701932381928,5.606866646445417,-19.35689110637582,-1284.6250255018967,9267.893697326042,9974.402530369152,5351.9005324621285,6636.525557964025
cori_knl,50,S7,min_steal_agreement,F10,cori_knl,0,S7,rigid_easy_backfill,F0,-0.2594027767615499,-0.11296683639443256,-0.7001752718982359,-20.550317565538993,-1363.8270774797656,10000.276407498304,9974.402530369152,5272.69848048426,6636.525557964025
cori_knl,50,S7,min_steal_agreement,F0,cori_knl,0,S7,rigid_easy_backfill,F0,-3.900809556546286,-3.9245386660707537,-3.8293848858879973,1.9613188738428988,130.16342833575618,10363.484977482187,9974.402530369152,6766.688986299781,6636.525557964025
cori_knl,50,S7,rigid_easy_backfill,F30,cori_knl,0,S7,rigid_easy_backfill,F0,8.79808254008953,9.209381864275446,7.56007069057099,14.069440773031783,933.7220327648656,9096.846362866496,9974.402530369152,7570.247590728891,6636.525557964025
cori_knl,50,S7,rigid_easy_backfill,F10,cori_knl,0,S7,rigid_easy_backfill,F0,3.4707628253508767,3.6330166344020935,2.982378511485191,-0.5279168033681616,-35.03533358031473,9628.214675294243,9974.402530369152,6601.4902243837105,6636.525557964025
cori_knl,50,S7,rigid_easy_backfill,F0,cori_knl,0,S7,rigid_easy_backfill,F0,0.0073827728389331704,0.007727908209697043,0.006343914631233027,-1.4682003685540195,-97.43749270120952,9973.666142888294,9974.402530369152,6539.088065262816,6636.525557964025
cori_knl,75,S0,min_steal_agreement,F30,cori_knl,0,S0,rigid_easy_backfill,F0,6.903141308423518,7.385205256361406,5.452127805082119,-31.74368064854184,-2106.677038415767,9285.854892605119,9974.401954171752,4529.847130726346,6636.524169142113
cori_knl,75,S0,min_steal_agreement,F10,cori_knl,0,S0,rigid_easy_backfill,F0,-0.22129883627687233,-0.07836449955423135,-0.6515314922601293,-23.372852256158172,-1551.1449889978148,9996.475189621911,9974.401954171752,5085.3791801442985,6636.524169142113
cori_knl,75,S0,min_steal_agreement,F0,cori_knl,0,S0,rigid_easy_backfill,F0,-3.919623328921964,-3.952298778870844,-3.8212701554325843,-5.598127900347963,-371.52111112608054,10365.360940087916,9974.401954171752,6265.003058016033,6636.524169142113
cori_knl,75,S0,rigid_easy_backfill,F30,cori_knl,0,S0,rigid_easy_backfill,F0,9.342155638147467,9.778889723699118,8.027585116502102,1.8105211840311477,120.15567596566507,9042.577799638604,9974.401954171752,6756.679845107778,6636.524169142113
cori_knl,75,S0,rigid_easy_backfill,F10,cori_knl,0,S0,rigid_easy_backfill,F0,3.4709776704425632,3.6332415330441403,2.982563100659807,18.630125294878287,1236.3927679360559,9628.192689582263,9974.401954171752,7872.916937078169,6636.524169142113
cori_knl,75,S0,rigid_easy_backfill,F0,cori_knl,0,S0,rigid_easy_backfill,F0,0.034276834928471396,0.035879234068231666,0.02945361012766162,0.88490822961757,58.72714853329762,9970.983044878818,9974.401954171752,6695.251317675411,6636.524169142113
cori_knl,75,S3,min_steal_agreement,F30,cori_knl,0,S3,rigid_easy_backfill,F0,6.400949318115898,6.861633252427585,5.014289731064254,-5.269704235895659,-349.7241824588409,9335.944461669462,9974.40080177695,6286.780767413368,6636.504949872209
cori_knl,75,S3,min_steal_agreement,F10,cori_knl,0,S3,rigid_easy_backfill,F0,-0.34940718469958587,-0.2124783550397304,-0.7615632427847272,-29.57573828412208,-1962.795335187012,10009.252074809092,9974.40080177695,4673.709614685197,6636.504949872209
cori_knl,75,S3,min_steal_agreement,F0,cori_knl,0,S3,rigid_easy_backfill,F0,-3.9202176005111466,-3.9512117479991624,-3.8269251530035007,-20.17407264000961,-1338.8533293450528,10365.419017553735,9974.40080177695,5297.651620527156,6636.504949872209
cori_knl,75,S3,rigid_easy_backfill,F30,cori_knl,0,S3,rigid_easy_backfill,F0,10.159429850352451,10.634370540046492,8.729857400358565,12.925920442755313,857.82935,8961.058549327428,9974.40080177695,7494.334299872209,6636.504949872209
cori_knl,75,S3,rigid_easy_backfill,F10,cori_knl,0,S3,rigid_easy_backfill,F0,3.6339625054684106,3.8038457256975424,3.1226136641795676,9.835925704121856,652.7616962197999,9611.934816495235,9974.40080177695,7289.266646092009,6636.504949872209
cori_knl,75,S3,rigid_easy_backfill,F0,cori_knl,0,S3,rigid_easy_backfill,F0,0.006895889357043038,0.007218263594153199,0.005925542241613916,0.049045323447457274,3.2548953182713376,9973.712978133632,9974.40080177695,6639.7598451904805,6636.504949872209
cori_knl,75,S7,min_steal_agreement,F30,cori_knl,0,S7,rigid_easy_backfill,F0,7.064547896417969,7.557287288043985,5.581401268922518,-31.7411058866456,-2106.5066045476588,9269.756086229698,9974.402530369152,4530.0189534163665,6636.525557964025
cori_knl,75,S7,min_steal_agreement,F10,cori_knl,0,S7,rigid_easy_backfill,F0,-0.22972408533246877,-0.07798276037060495,-0.6864657994940204,-29.574973966173545,-1962.7507060263142,9997.316135349422,9974.402530369152,4673.774851937711,6636.525557964025
cori_knl,75,S7,min_steal_agreement,F0,cori_knl,0,S7,rigid_easy_backfill,F0,-3.8806077229291525,-3.899540629083283,-3.8236196347212275,-17.136507651268232,-1137.2687100188768,10361.469965278699,9974.402530369152,5499.256847945148,6636.525557964025
cori_knl,75,S7,rigid_easy_backfill,F30,cori_knl,0,S7,rigid_easy_backfill,F0,8.709471674877017,9.116628552250083,7.483928599165618,9.202482955645637,610.725133318706,9105.684767248435,9974.402530369152,7247.250691282731,6636.525557964025
cori_knl,75,S7,rigid_easy_backfill,F10,cori_knl,0,S7,rigid_easy_backfill,F0,3.5624445965807703,3.7289844134496155,3.061159389977059,-2.6895697636106877,-178.4939847612959,9619.0699663848,9974.402530369152,6458.031573202729,6636.525557964025
cori_knl,75,S7,rigid_easy_backfill,F0,cori_knl,0,S7,rigid_easy_backfill,F0,-0.06614605630987523,-0.069238301481921,-0.0568383916975288,-0.048642537233404684,-3.228174415537069,9981.000204283464,9974.402530369152,6633.297383548488,6636.525557964025
theta,0,S0,min_steal_agreement,F30,theta,0,S0,rigid_easy_backfill,F0,10.56689490225723,11.549227652200935,9.08880096390913,-12.332444856901894,-4522.461920397433,3506.669861521392,3920.9975519567392,32148.789991719746,36671.25191211718
theta,0,S0,min_steal_agreement,F10,theta,0,S0,rigid_easy_backfill,F0,3.5232775699975503,3.824223827285378,3.0704505226762073,4.2713912818620114,1566.3726571238294,3782.8499246884944,3920.9975519567392,38237.62456924101,36671.25191211718
theta,0,S0,min_steal_agreement,F0,theta,0,S0,rigid_easy_backfill,F0,-0.009028241658867597,-0.009799403023013296,-0.007867892537652566,1.7032630981936119,624.6079014647112,3921.351549091168,3920.9975519567392,37295.85981358189,36671.25191211718
theta,0,S0,rigid_easy_backfill,F30,theta,0,S0,rigid_easy_backfill,F0,10.70565302378869,11.699838015434496,9.209725284604916,-8.235921115731374,-3020.215379633104,3501.229158973002,3920.9975519567392,33651.036532484075,36671.25191211718
theta,0,S0,rigid_easy_backfill,F10,theta,0,S0,rigid_easy_backfill,F0,3.268286222172461,3.54745199516856,2.848231778411553,28.15689269624623,10325.48505126498,3792.8481291944177,3920.9975519567392,46996.73696338216,36671.25191211718
theta,0,S0,rigid_easy_backfill,F0,theta,0,S0,rigid_easy_backfill,F0,0.0,0.0,0.0,0.0,0.0,3920.9975519567392,3920.9975519567392,36671.25191211718,36671.25191211718
theta,0,S3,min_steal_agreement,F30,theta,0,S3,rigid_easy_backfill,F0,9.78216182251675,10.698780621989942,8.403336709925139,1.570541333702126,599.4833629521527,3532.762816802242,3915.8140875115273,38769.97592420382,38170.49256125167
theta,0,S3,min_steal_agreement,F10,theta,0,S3,rigid_easy_backfill,F0,3.4567232172623474,3.752408908345183,3.011937602420988,-7.014848659137594,-2677.6022856191776,3780.4552328036866,3915.8140875115273,35492.89027563249,38170.49256125167
theta,0,S3,min_steal_agreement,F0,theta,0,S3,rigid_easy_backfill,F0,-0.10995769137315335,-0.11936339553864724,-0.09580914770847665,0.6139449729752061,234.3458202396796,3920.1198262806197,3915.8140875115273,38404.83838149135,38170.49256125167
theta,0,S3,rigid_easy_backfill,F30,theta,0,S3,rigid_easy_backfill,F0,10.86797486141371,11.877473350296118,9.349435345969937,-13.648268570901518,-5209.611339595613,3490.244396861078,3915.8140875115273,32960.881221656055,38170.49256125167
theta,0,S3,rigid_easy_backfill,F10,theta,0,S3,rigid_easy_backfill,F0,3.6588912328594345,3.971870234875632,3.188092130832385,1.2743045868988967,486.4083375499322,3772.5387091684934,3915.8140875115273,38656.9008988016,38170.49256125167
theta,0,S3,rigid_easy_backfill,F0,theta,0,S3,rigid_easy_backfill,F0,0.0,0.0,0.0,0.0,0.0,3915.8140875115273,3915.8140875115273,38170.49256125167,38170.49256125167
theta,0,S7,min_steal_agreement,F30,theta,0,S7,rigid_easy_backfill,F0,13.585023263068779,14.826936175627623,11.716874025370485,-20.603443487608878,-7864.435863799437,3383.849832784562,3915.8140875115273,30306.05669745223,38170.49256125167
theta,0,S7,min_steal_agreement,F10,theta,0,S7,rigid_easy_backfill,F0,3.4304213972811923,3.7238572490424984,2.98902010637741,14.34655544299028,5476.150878162451,3781.4851631757806,3915.8140875115273,43646.64343941412,38170.49256125167
theta,0,S7,min_steal_agreement,F0,theta,0,S7,rigid_easy_backfill,F0,-0.10995769137315335,-0.11936339553864724,-0.09580914770847665,0.6139449729752061,234.3458202396796,3920.1198262806197,3915.8140875115273,38404.83838149135,38170.49256125167
theta,0,S7,rigid_easy_backfill,F30,theta,0,S7,rigid_easy_backfill,F0,14.926609309693758,16.283280556203774,12.88583468746197,-20.22905509145407,-7721.529968894978,3331.315817374732,3915.8140875115273,30448.96259235669,38170.49256125167
theta,0,S7,rigid_easy_backfill,F10,theta,0,S7,rigid_easy_backfill,F0,3.4389559573947652,3.7331218494707255,2.996456502322609,7.879363074968321,3007.5916964047938,3781.150965668546,3915.8140875115273,41178.08425765646,38170.49256125167
theta,0,S7,rigid_easy_backfill,F0,theta,0,S7,rigid_easy_backfill,F0,0.0,0.0,0.0,0.0,0.0,3915.8140875115273,3915.8140875115273,38170.49256125167,38170.49256125167
theta,100,S0,min_steal_agreement,F30,theta,0,S0,rigid_easy_backfill,F0,9.637245051364197,10.471804324395585,8.381502531596738,2.8228621176091426,1035.178878280174,3543.121409416677,3920.9975519567392,37706.43079039735,36671.25191211718
theta,100,S0,min_steal_agreement,F10,theta,0,S0,rigid_easy_backfill,F0,2.416674178666241,2.6344771114863996,2.088951016873955,-26.095325128514414,-9569.482415163537,3826.2398165724653,3920.9975519567392,27101.769496953642,36671.25191211718
theta,100,S0,min_steal_agreement,F0,theta,0,S0,rigid_easy_backfill,F0,-0.9589320432684678,-0.8401555093936379,-1.137652415518736,-43.99584316013716,-16133.826476113874,3958.5972538982246,3920.9975519567392,20537.425436003305,36671.25191211718
theta,100,S0,rigid_easy_backfill,F30,theta,0,S0,rigid_easy_backfill,F0,12.649483202520804,13.809703485304059,10.903725904669532,-18.81775978311393,-6900.708094282785,3425.0116252507196,3920.9975519567392,29770.543817834394,36671.25191211718
theta,100,S0,rigid_easy_backfill,F10,theta,0,S0,rigid_easy_backfill,F0,3.7115391309779637,4.028566043576827,3.2345158841896198,4.616516787381299,1692.934500665775,3775.468193491177,3920.9975519567392,38364.186412782954,36671.25191211718
theta,100,S0,rigid_easy_backfill,F0,theta,0,S0,rigid_easy_backfill,F0,0.0003354684569509934,0.0003641230192492811,0.00029235258310955625,-0.0010346908493621975,-0.37943408788123634,3920.9843982467546,3920.9975519567392,36670.8724780293,36671.25191211718
theta,100,S3,min_steal_agreement,F30,theta,0,S3,rigid_easy_backfill,F0,9.680089012165519,10.519512353041407,8.417385276256432,-5.176377404635798,-1975.8487521788193,3536.7597982894945,3915.8140875115273,36194.64380907285,38170.49256125167
theta,100,S3,min_steal_agreement,F10,theta,0,S3,rigid_easy_backfill,F0,2.1142929864367943,2.3065434164797733,1.8251000078495,-28.6636112629071,-10941.04160489405,3833.022304897367,3915.8140875115273,27229.450956357618,38170.49256125167
theta,100,S3,min_steal_agreement,F0,theta,0,S3,rigid_easy_backfill,F0,-1.0925739943360209,-0.9850584229599989,-1.2543044431395165,-46.195545150361426,-17633.067125248363,3958.5972538982246,3915.8140875115273,20537.425436003305,38170.49256125167
theta,100,S3,rigid_easy_backfill,F30,theta,0,S3,rigid_easy_backfill,F0,12.996403041681196,14.187965791381425,11.203993106965546,-19.96535349544336,-7620.873770805807,3406.8991063355984,3915.8140875115273,30549.61879044586,38170.49256125167
theta,100,S3,rigid_easy_backfill,F10,theta,0,S3,rigid_easy_backfill,F0,3.8411089809302816,4.169674761921642,3.34686344480565,-7.167442898286064,-2735.848258322243,3765.403400919589,3915.8140875115273,35434.644302929424,38170.49256125167
theta,100,S3,rigid_easy_backfill,F0,theta,0,S3,rigid_easy_backfill,F0,-0.000550943035473626,-0.0005980703181542255,-0.00048005175412257835,0.0025122880668969156,0.9589527296921005,3915.8356614165245,3915.8140875115273,38171.45151398136,38170.49256125167
theta,100,S7,min_steal_agreement,F30,theta,0,S7,rigid_easy_backfill,F0,9.275611962952093,10.08043661937835,8.064953346572654,-5.10646615377854,-1949.1632833708718,3552.5983675633447,3915.8140875115273,36221.329277880795,38170.49256125167
theta,100,S7,min_steal_agreement,F10,theta,0,S7,rigid_easy_backfill,F0,2.1561967307096817,2.352031577787403,1.861611887782653,-26.173182257778954,-9990.432586748357,3831.3814321759346,3915.8140875115273,28180.05997450331,38170.49256125167
theta,100,S7,min_steal_agreement,F0,theta,0,S7,rigid_easy_backfill,F0,-1.0925739943360209,-0.9850584229599989,-1.2543044431395165,-46.195545150361426,-17633.067125248363,3958.5972538982246,3915.8140875115273,20537.425436003305,38170.49256125167
theta,100,S7,rigid_easy_backfill,F30,theta,0,S7,rigid_easy_backfill,F0,13.874319336805364,15.140978433572169,11.968945616868021,-7.075904214468304,-2700.907491824917,3372.521536374567,3915.8140875115273,35469.58506942675,38170.49256125167
theta,100,S7,rigid_easy_backfill,F10,theta,0,S7,rigid_easy_backfill,F0,3.6881646421256047,4.003647671136499,3.2135988539775893,3.4058936774877044,1300.046392809585,3771.3924168845538,3915.8140875115273,39470.53895406125,38170.49256125167
theta,100,S7,rigid_easy_backfill,F0,theta,0,S7,rigid_easy_backfill,F0,-0.000550943035473626,-0.0005980703181542255,-0.00048005175412257835,0.0025122880668969156,0.9589527296921005,3915.8356614165245,3915.8140875115273,38171.45151398136,38170.49256125167
theta,25,S0,min_steal_agreement,F30,theta,0,S0,rigid_easy_backfill,F0,12.201185711585298,13.25460054822846,10.616136160186285,-61.78446238150346,-22657.135842468408,3442.5893588957842,3920.9975519567392,14014.116069648773,36671.25191211718
theta,25,S0,min_steal_agreement,F10,theta,0,S0,rigid_easy_backfill,F0,2.539830849843195,2.756411284445428,2.213947153547648,-38.171366596165555,-13997.91800277762,3821.4108465105455,3920.9975519567392,22673.33390933956,36671.25191211718
theta,25,S0,min_steal_agreement,F0,theta,0,S0,rigid_easy_backfill,F0,-1.3711120681848197,-1.4884204498278928,-1.1946007914767762,-8.11186784763385,-2974.7234931838466,3974.7588225848494,3920.9975519567392,33696.52841893333,36671.25191211718
theta,25,S0,rigid_easy_backfill,F30,theta,0,S0,rigid_easy_backfill,F0,10.715921909500402,11.710984034060099,9.218674368200338,-7.170635768548219,-2629.561906384697,3500.8265162156326,3920.9975519567392,34041.69000573248,36671.25191211718
theta,25,S0,rigid_easy_backfill,F10,theta,0,S0,rigid_easy_backfill,F0,3.2902709084327997,3.5713145377476967,2.867390896611365,28.276166746996758,10369.22433888149,3791.9861101843444,3920.9975519567392,47040.47625099867,36671.25191211718
theta,25,S0,rigid_easy_backfill,F0,theta,0,S0,rigid_easy_backfill,F0,0.00024956995934246543,0.00027088736727508685,0.0002174941361862731,-0.00016541328155814257,-0.060659121176286135,3920.987766324743,3920.9975519567392,36671.191252996,36671.25191211718
theta,25,S3,min_steal_agreement,F30,theta,0,S3,rigid_easy_backfill,F0,12.296774901105398,13.472218576020625,10.528612107190648,-46.96636705957714,-17927.293644766043,3434.2952436244605,3915.8140875115273,20243.198916485624,38170.49256125167
theta,25,S3,min_steal_agreement,F10,theta,0,S3,rigid_easy_backfill,F0,2.4345774485481653,2.6428295040710887,2.1213140024215535,-37.38235637878737,-14269.02956078562,3820.4805608098995,3915.8140875115273,23901.463000466047,38170.49256125167
theta,25,S3,min_steal_agreement,F0,theta,0,S3,rigid_easy_backfill,F0,-1.5053502171743094,-1.634116823960769,-1.3116528685978899,-16.11285186369523,-6150.354922037288,3974.7608033820243,3915.8140875115273,32020.13763921438,38170.49256125167
theta,25,S3,rigid_easy_backfill,F30,theta,0,S3,rigid_easy_backfill,F0,12.49730035705042,13.64617021149962,10.76911126979866,-3.223192648934229,-1230.3085102962505,3426.4430395715185,3915.8140875115273,36940.18405095542,38170.49256125167
theta,25,S3,rigid_easy_backfill,F10,theta,0,S3,rigid_easy_backfill,F0,3.704958390915664,4.021877945475391,3.22823170720795,1.3296349012634106,507.5281910785561,3770.7348049036113,3915.8140875115273,38678.02075233022,38170.49256125167
theta,25,S3,rigid_easy_backfill,F0,theta,0,S3,rigid_easy_backfill,F0,0.0002318842519742294,0.0002517194690378324,0.00020204709878669474,-0.0003498216018077967,-0.13352862849569647,3915.805007355322,3915.8140875115273,38170.35903262317,38170.49256125167
theta,25,S7,min_steal_agreement,F30,theta,0,S7,rigid_easy_backfill,F0,13.521519392660267,14.677977433821788,11.781915764902577,-59.85320396792344,-22846.262768247005,3386.3365262881334,3915.8140875115273,15324.229793004664,38170.49256125167
theta,25,S7,min_steal_agreement,F10,theta,0,S7,rigid_easy_backfill,F0,2.3842311144180584,2.5879836002075285,2.0777361523651514,-29.57653726178377,-11289.509955385001,3822.452029654312,3915.8140875115273,26880.982605866666,38170.49256125167
theta,25,S7,min_steal_agreement,F0,theta,0,S7,rigid_easy_backfill,F0,-1.4161584427354201,-1.5374886268510972,-1.2336473433775783,-13.764902211187788,-5254.130974585001,3971.2682193136447,3915.8140875115273,32916.361586666666,38170.49256125167
theta,25,S7,rigid_easy_backfill,F30,theta,0,S7,rigid_easy_backfill,F0,14.981785624369929,16.343176614322218,12.93391132145566,-20.085572441061185,-7666.761934500075,3329.155215471673,3915.8140875115273,30503.730626751592,38170.49256125167
theta,25,S7,rigid_easy_backfill,F10,theta,0,S7,rigid_easy_backfill,F0,3.540574320839095,3.8434325767906765,3.084999365254041,-3.300513272342278,-1259.8221731025333,3777.1717794772944,3915.8140875115273,36910.670388149134,38170.49256125167
theta,25,S7,rigid_easy_backfill,F0,theta,0,S7,rigid_easy_backfill,F0,1.2204434024716876e-05,1.3248392784643002e-05,1.0634058161923555e-05,-0.0013404537256041854,-0.5116577896187664,3915.8136096085805,3915.8140875115273,38169.98090346205,38170.49256125167
theta,50,S0,min_steal_agreement,F30,theta,0,S0,rigid_easy_backfill,F0,9.228664918331742,10.016753045706853,8.042846483562533,-43.43923506409363,-15929.711319050512,3559.1418264306612,3920.9975519567392,20741.540593066667,36671.25191211718
theta,50,S0,min_steal_agreement,F10,theta,0,S0,rigid_easy_backfill,F0,2.259267887776496,2.4518835987116265,1.969443370808811,-30.197667973386167,-11073.862894105172,3832.411713384878,3920.9975519567392,25597.389018012007,36671.25191211718
theta,50,S0,min_steal_agreement,F0,theta,0,S0,rigid_easy_backfill,F0,-1.3726334286784503,-1.4902422420139398,-1.1956700991708318,-5.401785336904884,-1980.9023086481975,3974.818475092561,3920.9975519567392,34690.34960346898,36671.25191211718
theta,50,S0,rigid_easy_backfill,F30,theta,0,S0,rigid_easy_backfill,F0,9.508752871994286,10.40070276751907,8.166655976654955,-2.922821549935386,-1071.835253518453,3548.159584624227,3920.9975519567392,35599.416658598726,36671.25191211718
theta,50,S0,rigid_easy_backfill,F10,theta,0,S0,rigid_easy_backfill,F0,3.5260444592803553,3.8272270547383775,3.072861799227251,1.6622077305003151,609.5523841544564,3782.7414350274503,3920.9975519567392,37280.804296271635,36671.25191211718
theta,50,S0,rigid_easy_backfill,F0,theta,0,S0,rigid_easy_backfill,F0,0.000338950828549795,0.0003679028430458062,0.00029538738488335407,-0.0005454952757420609,-0.2000399467360694,3920.9842617030495,3920.9975519567392,36671.05187217044,36671.25191211718
theta,50,S3,min_steal_agreement,F30,theta,0,S3,rigid_easy_backfill,F0,9.7442483928999,10.577571619124022,8.490720762992689,-32.486153634914075,-12400.124856651666,3534.2474362202374,3915.8140875115273,25770.3677046,38170.49256125167
theta,50,S3,min_steal_agreement,F10,theta,0,S3,rigid_easy_backfill,F0,2.137841608902146,2.320265724038681,1.8634298782743308,-22.15569597933144,-8456.938285684242,3832.100184621454,3915.8140875115273,29713.554275567425,38170.49256125167
theta,50,S3,min_steal_agreement,F0,theta,0,S3,rigid_easy_backfill,F0,-1.5069648230763977,-1.6362332488652338,-1.312512612559352,-14.867419662404977,-5674.967316288359,3974.824028347396,3915.8140875115273,32495.525244963308,38170.49256125167
theta,50,S3,rigid_easy_backfill,F30,theta,0,S3,rigid_easy_backfill,F0,12.78207259189804,13.955301664534463,11.01724111659128,-1.5647290445263176,-597.2647835446624,3415.291888282034,3915.8140875115273,37573.227777707005,38170.49256125167
theta,50,S3,rigid_easy_backfill,F10,theta,0,S3,rigid_easy_backfill,F0,3.820371128643443,4.147163008225988,3.3287939861976485,-7.238103861785448,-2762.819896138484,3766.2154566608842,3915.8140875115273,35407.67266511318,38170.49256125167
theta,50,S3,rigid_easy_backfill,F0,theta,0,S3,rigid_easy_backfill,F0,0.0002568742843156672,0.00027884713128796746,0.00022382159841101749,-0.00033225726430989713,-0.12682423435762757,3915.804028792115,3915.8140875115273,38170.36573701731,38170.49256125167
theta,50,S7,min_steal_agreement,F30,theta,0,S7,rigid_easy_backfill,F0,11.015664487540896,11.957936738460285,9.5982501346723,-49.770853844485636,-18997.78006438083,3484.4611456753964,3915.8140875115273,19172.712496870838,38170.49256125167
theta,50,S7,min_steal_agreement,F10,theta,0,S7,rigid_easy_backfill,F0,2.1077763527556956,2.2876287068681367,1.8372331972498643,-24.78544653838243,-9460.727027206274,3833.277484157083,3915.8140875115273,28709.765534045393,38170.49256125167
theta,50,S7,min_steal_agreement,F0,theta,0,S7,rigid_easy_backfill,F0,-1.500841658758927,-1.6296679704014223,-1.3070544990645794,-16.783583689525102,-6406.3765637216275,3974.584256616451,3915.8140875115273,31764.11599753004,38170.49256125167
theta,50,S7,rigid_easy_backfill,F30,theta,0,S7,rigid_easy_backfill,F0,15.038642132104687,16.40489658804064,12.983451953674285,-20.692665040919405,-7898.492170168865,3326.928820332128,3915.8140875115273,30272.0003910828,38170.49256125167
theta,50,S7,rigid_easy_backfill,F10,theta,0,S7,rigid_easy_backfill,F0,3.5448956398227196,3.8481235383837147,3.088764648824358,-3.958530478657433,-1510.9905818908155,3777.0025646597674,3915.8140875115273,36659.50197936085,38170.49256125167
theta,50,S7,rigid_easy_backfill,F0,theta,0,S7,rigid_easy_backfill,F0,-0.001026334809909649,-0.0011141267731187583,-0.0008942736267152692,0.0013968741451844497,0.5331937416776782,3915.854276874599,3915.8140875115273,38171.025754993345,38170.49256125167
theta,75,S0,min_steal_agreement,F30,theta,0,S0,rigid_easy_backfill,F0,9.775176288921648,10.609975186402483,8.51907321165056,-37.09976666681787,-13604.948893196459,3537.713128968666,3920.9975519567392,23066.30301892072,36671.25191211718
theta,75,S0,min_steal_agreement,F10,theta,0,S0,rigid_easy_backfill,F0,2.3029009449607796,2.4982797870087228,2.0089188069199,-22.220103753664098,-8148.390222639966,3830.7008622808385,3920.9975519567392,28522.861689477213,36671.25191211718
theta,75,S0,min_steal_agreement,F0,theta,0,S0,rigid_easy_backfill,F0,-1.4285182915475831,-1.582983320565154,-1.1960982453693227,-13.377531327684153,-4905.70821279745,3977.009719197574,3920.9975519567392,31765.54369931973,36671.25191211718
theta,75,S0,rigid_easy_backfill,F30,theta,0,S0,rigid_easy_backfill,F0,11.81557855996306,12.904569575075268,10.176998335025782,-10.994053331023,-4031.6569923719544,3457.7090058710623,3920.9975519567392,32639.594919745225,36671.25191211718
theta,75,S0,rigid_easy_backfill,F10,theta,0,S0,rigid_easy_backfill,F0,3.6717277358693603,3.9853540959663794,3.19982122374664,19.40357880709025,7115.535264314247,3777.029197318785,3920.9975519567392,43786.787176431426,36671.25191211718
theta,75,S0,rigid_easy_backfill,F0,theta,0,S0,rigid_easy_backfill,F0,0.00030760948479845667,0.0003338844294650404,0.0002680741677790867,-0.0005638684774757139,-0.20677762982813874,3920.9854905963707,3920.9975519567392,36671.04513448735,36671.25191211718
theta,75,S3,min_steal_agreement,F30,theta,0,S3,rigid_easy_backfill,F0,8.92590398072227,9.70081486045779,7.7602432048256755,-21.79899309947689,-8320.78303946359,3566.2922819966525,3915.8140875115273,29849.709521788078,38170.49256125167
theta,75,S3,min_steal_agreement,F10,theta,0,S3,rigid_easy_backfill,F0,2.059767300160027,2.247353641059849,1.7775902842025335,-32.288866130609215,-12324.819244496699,3835.157429401905,3915.8140875115273,25845.67331675497,38170.49256125167
theta,75,S3,min_steal_agreement,F0,theta,0,S3,rigid_easy_backfill,F0,-1.5296147923420782,-1.6734182094292331,-1.31329830080773,-28.851941944859554,-11012.928353839266,3975.7109590347186,3915.8140875115273,27157.5642074124,38170.49256125167
theta,75,S3,rigid_easy_backfill,F30,theta,0,S3,rigid_easy_backfill,F0,12.734933013736605,13.904129799762291,10.976167111200546,-20.361374259887388,-7772.036847238927,3417.137786524473,3915.8140875115273,30398.45571401274,38170.49256125167
theta,75,S3,rigid_easy_backfill,F10,theta,0,S3,rigid_easy_backfill,F0,3.8353001690254622,4.16336906830127,3.3418020679174933,-7.177998245341777,-2739.8772862849582,3765.630863194475,3915.8140875115273,35430.61527496671,38170.49256125167
theta,75,S3,rigid_easy_backfill,F0,theta,0,S3,rigid_easy_backfill,F0,-0.0001034471101938215,-0.00011229590378638561,-9.013629979368104e-05,-0.001986479477886323,-0.7582490013373899,3915.8181383080414,3915.8140875115273,38169.73431225033,38170.49256125167
theta,75,S7,min_steal_agreement,F30,theta,0,S7,rigid_easy_backfill,F0,8.871560127927603,9.635560645195332,7.722311280041609,-31.27197588835711,-11936.667230221767,3568.4202862400825,3915.8140875115273,26233.8253310299,38170.49256125167
theta,75,S7,min_steal_agreement,F10,theta,0,S7,rigid_easy_backfill,F0,2.0613762092754584,2.2365170459074735,1.7979203605329876,-18.18770967757401,-6942.338369540437,3835.094427512108,3915.8140875115273,31228.15419171123,38170.49256125167
theta,75,S7,min_steal_agreement,F0,theta,0,S7,rigid_easy_backfill,F0,-1.5063057951337544,-1.6363419867837645,-1.3106986717453808,-16.424506799200298,-6269.315146011024,3974.7982220383774,3915.8140875115273,31901.177415240643,38170.49256125167
theta,75,S7,rigid_easy_backfill,F30,theta,0,S7,rigid_easy_backfill,F0,13.707743353182664,14.96015365658663,11.82380340061662,-7.513592201442691,-2867.9751523344676,3379.0443422076755,3915.8140875115273,35302.5174089172,38170.49256125167
theta,75,S7,rigid_easy_backfill,F10,theta,0,S7,rigid_easy_backfill,F0,3.8129599277864843,4.139117858421016,3.322336403928928,1.4427091211340686,550.6891777629789,3766.505665508095,3915.8140875115273,38721.181739014646,38170.49256125167
theta,75,S7,rigid_easy_backfill,F0,theta,0,S7,rigid_easy_backfill,F0,-8.717453086322064e-05,-9.463137938407237e-05,-7.595755608777104e-05,-0.0020560216959848413,-0.7847936085236142,3915.8175011040876,3915.8140875115273,38169.70776764314,38170.49256125167
