cluster,mal,seed,scheduler,policy,run,window_start_s,window_end_s,full_shutdown_windows_count,on_windows_count,target_active_fraction,target_off_fraction,target_off_nodes,mean_on_util_percent,mean_off_util_percent,node_off_fraction_percent,node_overrun_node_hours_total,node_overrun_node_hours_per_window,node_overrun_normalized_hours_per_window
cori_haswell,0,S0,min_steal_agreement,F30,cori_haswell_mal0_S0/min_steal_agreement/F30,13405.0,424714.0,4,3,0.7,0.30000000000000004,716.4000000000001,93.51175728178004,67.0282183486887,29.708612506979343,220.31666666667377,55.07916666666844,0.0768832588870302
cori_haswell,0,S0,min_steal_agreement,F10,cori_haswell_mal0_S0/min_steal_agreement/F10,13405.0,424714.0,4,3,0.9,0.09999999999999998,238.79999999999995,90.09753629257477,75.22161589195997,9.878101444723617,92.41666666666292,23.10416666666573,0.09675111669458013
cori_haswell,0,S0,rigid_easy_backfill,F30,cori_haswell_mal0_S0/rigid_easy_backfill/F30,45512.0,424714.0,4,3,0.7,0.30000000000000004,716.4000000000001,93.56350618834983,66.95650561837041,29.7571189279732,182.9500000000077,45.73750000000192,0.0638435231714153
cori_haswell,0,S0,rigid_easy_backfill,F10,cori_haswell_mal0_S0/rigid_easy_backfill/F10,45512.0,424714.0,4,3,0.9,0.09999999999999998,238.79999999999995,90.22893693002094,75.01849525404839,9.89816705053043,77.03333333332658,19.258333333331645,0.08064628699050104
cori_haswell,0,S3,min_steal_agreement,F30,cori_haswell_mal0_S3/min_steal_agreement/F30,13405.0,424714.0,4,3,0.7,0.30000000000000004,716.4000000000001,93.3158558998703,67.27356400055935,29.782353608319372,164.8499999999991,41.21249999999978,0.05752721943048544
cori_haswell,0,S3,min_steal_agreement,F10,cori_haswell_mal0_S3/min_steal_agreement/F10,13405.0,424714.0,4,3,0.9,0.09999999999999998,238.79999999999995,90.22873336590442,75.01038176996127,9.816683242601897,139.18333333332248,34.79583333333062,0.1457111948631936
cori_haswell,0,S3,rigid_easy_backfill,F30,cori_haswell_mal0_S3/rigid_easy_backfill/F30,45512.0,424714.0,4,3,0.7,0.30000000000000004,716.4000000000001,93.29821852317211,67.29792626326166,29.761175670016748,180.84999999999613,45.21249999999903,0.06311069235064073
cori_haswell,0,S3,rigid_easy_backfill,F10,cori_haswell_mal0_S3/rigid_easy_backfill/F10,45512.0,424714.0,4,3,0.9,0.09999999999999998,238.79999999999995,90.28974443979197,74.92213672529358,9.825952680067001,132.28333333332313,33.07083333333078,0.13848757677274198
cori_haswell,0,S7,min_steal_agreement,F30,cori_haswell_mal0_S7/min_steal_agreement/F30,13405.0,424714.0,4,3,0.7,0.30000000000000004,716.4000000000001,93.44590428996938,67.05707356225618,29.137091708542712,658.3833333333278,164.59583333333194,0.22975409454680615
cori_haswell,0,S7,min_steal_agreement,F10,cori_haswell_mal0_S7/min_steal_agreement/F10,13405.0,424714.0,4,3,0.9,0.09999999999999998,238.79999999999995,90.23510201470395,75.00970564628734,9.796857551647124,155.0833333333293,38.77083333333233,0.1623569235064168
cori_haswell,0,S7,rigid_easy_backfill,F30,cori_haswell_mal0_S7/rigid_easy_backfill/F30,45512.0,424714.0,4,3,0.7,0.30000000000000004,716.4000000000001,93.15870440163849,67.4823335427142,29.197942839195978,611.8499999999926,152.96249999999816,0.21351549413735083
cori_haswell,0,S7,rigid_easy_backfill,F10,cori_haswell_mal0_S7/rigid_easy_backfill/F10,45512.0,424714.0,4,3,0.9,0.09999999999999998,238.79999999999995,90.33093709287222,74.8578831658296,9.796792120323842,154.74999999999608,38.68749999999902,0.16200795644890714
cori_haswell,100,S0,min_steal_agreement,F30,cori_haswell_mal100_S0/min_steal_agreement/F30,24806.0,424714.0,4,3,0.7,0.30000000000000004,716.4000000000001,99.70379966964596,69.9641000139583,29.86915916387493,99.00000000001194,24.750000000002984,0.0345477386934715
cori_haswell,100,S0,min_steal_agreement,F10,cori_haswell_mal100_S0/min_steal_agreement/F10,40522.0,424714.0,4,3,0.9,0.09999999999999998,238.79999999999995,99.85594930671891,89.89053339615029,9.944775963149079,42.13333333332392,10.53333333333098,0.04410943606922522
cori_haswell,100,S0,rigid_easy_backfill,F30,cori_haswell_mal100_S0/rigid_easy_backfill/F30,45512.0,424714.0,4,3,0.7,0.30000000000000004,716.4000000000001,93.25718581332622,66.78812901312192,29.796006944444443,154.06666666667343,38.51666666666836,0.05376419132700775
cori_haswell,100,S0,rigid_easy_backfill,F10,cori_haswell_mal100_S0/rigid_easy_backfill/F10,45512.0,424714.0,4,3,0.9,0.09999999999999998,238.79999999999995,89.9529039875307,74.88621492881116,9.907567350642099,70.61666666665849,17.654166666664622,0.07392867113343646
cori_haswell,100,S3,min_steal_agreement,F30,cori_haswell_mal100_S3/min_steal_agreement/F30,24806.0,424714.0,4,3,0.7,0.30000000000000004,716.4000000000001,99.73514854364538,69.987328133724,29.871383828866556,97.90000000000737,24.47500000000184,0.03416387493020916
cori_haswell,100,S3,min_steal_agreement,F10,cori_haswell_mal100_S3/min_steal_agreement/F10,40522.0,424714.0,4,3,0.9,0.09999999999999998,238.79999999999995,99.84859191792324,89.92246388191236,9.920893530150753,60.29999999999056,15.07499999999764,0.06312814070350772
cori_haswell,100,S3,rigid_easy_backfill,F30,cori_haswell_mal100_S3/rigid_easy_backfill/F30,45512.0,424714.0,4,3,0.7,0.30000000000000004,716.4000000000001,93.23502640517476,67.13201423785684,29.784076633165828,164.7333333333377,41.183333333334424,0.05748650660711114
cori_haswell,100,S3,rigid_easy_backfill,F10,cori_haswell_mal100_S3/rigid_easy_backfill/F10,45512.0,424714.0,4,3,0.9,0.09999999999999998,238.79999999999995,89.89993369625937,74.87923558766084,9.86261603154662,104.89999999999529,26.224999999998822,0.10981993299832005
cori_haswell,100,S7,min_steal_agreement,F30,cori_haswell_mal100_S7/min_steal_agreement/F30,24806.0,424714.0,4,3,0.7,0.30000000000000004,716.4000000000001,99.80281907221315,69.97808050669954,29.897469116415408,78.25000000000568,19.56250000000142,0.027306672250141568
cori_haswell,100,S7,min_steal_agreement,F10,cori_haswell_mal100_S7/min_steal_agreement/F10,40522.0,424714.0,4,3,0.9,0.09999999999999998,238.79999999999995,99.87062046342858,89.94881089475425,9.92017378559464,60.93333333332388,15.23333333333097,0.06379117811277626
cori_haswell,100,S7,rigid_easy_backfill,F30,cori_haswell_mal100_S7/rigid_easy_backfill/F30,45512.0,424714.0,4,3,0.7,0.30000000000000004,716.4000000000001,93.44591883026332,68.12048523869399,29.662483424064767,247.94999999999848,61.98749999999962,0.0865263819095472
cori_haswell,100,S7,rigid_easy_backfill,F10,cori_haswell_mal100_S7/rigid_easy_backfill/F10,45512.0,424714.0,4,3,0.9,0.09999999999999998,238.79999999999995,90.19479631956138,74.71085898241222,9.886193118369626,86.86666666665985,21.716666666664963,0.09094081518703923
cori_haswell,25,S0,min_steal_agreement,F30,cori_haswell_mal25_S0/min_steal_agreement/F30,31785.0,424714.0,4,3,0.7,0.30000000000000004,716.4000000000001,94.97381293039315,68.03058260050351,29.73500314070352,166.95000000000496,41.73750000000124,0.05826005025125801
cori_haswell,25,S0,min_steal_agreement,F10,cori_haswell_mal25_S0/min_steal_agreement/F10,40857.0,424714.0,4,3,0.9,0.09999999999999998,238.79999999999995,93.1558108831196,83.15435685371472,9.911711334450029,65.24999999999118,16.312499999997794,0.06831030150752847
cori_haswell,25,S0,rigid_easy_backfill,F30,cori_haswell_mal25_S0/rigid_easy_backfill/F30,45512.0,424714.0,4,3,0.7,0.30000000000000004,716.4000000000001,93.4696631304679,67.01199138051449,29.792211927694023,152.00000000000145,38.00000000000036,0.0530429927414857
cori_haswell,25,S0,rigid_easy_backfill,F10,cori_haswell_mal25_S0/rigid_easy_backfill/F10,45512.0,424714.0,4,3,0.9,0.09999999999999998,238.79999999999995,90.18064861343808,74.99452557928568,9.898428775823561,76.88333333332659,19.220833333331647,0.08048925181462166
cori_haswell,25,S3,min_steal_agreement,F30,cori_haswell_mal25_S3/min_steal_agreement/F30,45512.0,424714.0,4,3,0.7,0.30000000000000004,716.4000000000001,96.76046610366667,64.25578412897924,29.812015808207704,135.96666666666883,33.99166666666721,0.04744788758607929
cori_haswell,25,S3,min_steal_agreement,F10,cori_haswell_mal25_S3/min_steal_agreement/F10,45512.0,424714.0,4,3,0.9,0.09999999999999998,238.79999999999995,97.49585601619229,77.19236372836555,9.864666213009492,95.71666666666016,23.92916666666504,0.10020589056392397
cori_haswell,25,S3,rigid_easy_backfill,F30,cori_haswell_mal25_S3/rigid_easy_backfill/F30,45512.0,424714.0,4,3,0.7,0.30000000000000004,716.4000000000001,93.36834636143763,67.29011812534976,29.7869119905081,161.8500000000052,40.4625000000013,0.056480318257958254
cori_haswell,25,S3,rigid_easy_backfill,F10,cori_haswell_mal25_S3/rigid_easy_backfill/F10,45512.0,424714.0,4,3,0.9,0.09999999999999998,238.79999999999995,90.30062057975091,74.97949818537167,9.849224420714684,114.5833333333287,28.645833333332174,0.11995742601897898
cori_haswell,25,S7,min_steal_agreement,F30,cori_haswell_mal25_S7/min_steal_agreement/F30,45512.0,424714.0,4,3,0.7,0.30000000000000004,716.4000000000001,96.1065745393635,67.20843802345172,29.773105981295366,147.3666666666703,36.84166666666758,0.051426112041691195
cori_haswell,25,S7,min_steal_agreement,F10,cori_haswell_mal25_S7/min_steal_agreement/F10,45512.0,424714.0,4,3,0.9,0.09999999999999998,238.79999999999995,94.78316059464015,79.88143844221229,9.843880862646566,114.61666666665677,28.654166666664192,0.11999232272472445
cori_haswell,25,S7,rigid_easy_backfill,F30,cori_haswell_mal25_S7/rigid_easy_backfill/F30,45512.0,424714.0,4,3,0.7,0.30000000000000004,716.4000000000001,93.38522764284453,68.62330314768322,29.169480213567837,616.1499999999945,154.03749999999863,0.2150160524846435
cori_haswell,25,S7,rigid_easy_backfill,F10,cori_haswell_mal25_S7/rigid_easy_backfill/F10,45512.0,424714.0,4,3,0.9,0.09999999999999998,238.79999999999995,90.36987600037291,74.86754519123447,9.797053845616974,149.63333333332577,37.40833333333144,0.15665131211612834
cori_haswell,50,S0,min_steal_agreement,F30,cori_haswell_mal50_S0/min_steal_agreement/F30,39019.0,424714.0,4,3,0.7,0.30000000000000004,716.4000000000001,99.79496731341916,70.10471192769297,29.754087276661085,185.24999999999727,46.31249999999932,0.06464614740368413
cori_haswell,50,S0,min_steal_agreement,F10,cori_haswell_mal50_S0/min_steal_agreement/F10,38450.0,424714.0,4,3,0.9,0.09999999999999998,238.79999999999995,99.5885678391969,89.5203665898962,9.926542434394193,55.999999999990415,13.999999999997604,0.058626465661631516
cori_haswell,50,S0,rigid_easy_backfill,F30,cori_haswell_mal50_S0/rigid_easy_backfill/F30,45512.0,424714.0,4,3,0.7,0.30000000000000004,716.4000000000001,93.51357481853769,66.95585130513767,29.79286624092686,156.0333333333347,39.008333333333674,0.054450493206775086
cori_haswell,50,S0,rigid_easy_backfill,F10,cori_haswell_mal50_S0/rigid_easy_backfill/F10,45512.0,424714.0,4,3,0.9,0.09999999999999998,238.79999999999995,90.16434894379363,75.01339161083214,9.898276102735903,77.38333333332655,19.345833333331637,0.08101270240088626
cori_haswell,50,S3,min_steal_agreement,F30,cori_haswell_mal50_S3/min_steal_agreement/F30,45944.0,424714.0,4,3,0.7,0.30000000000000004,716.4000000000001,99.75602840591938,70.03659792015668,29.818428077889447,127.61666666667485,31.90416666666871,0.044534012655874804
cori_haswell,50,S3,min_steal_agreement,F10,cori_haswell_mal50_S3/min_steal_agreement/F10,47232.0,424714.0,4,3,0.9,0.09999999999999998,238.79999999999995,99.59870242415806,88.34718296342984,9.916793167225014,63.36666666665709,15.841666666664272,0.06633863763259747
cori_haswell,50,S3,rigid_easy_backfill,F30,cori_haswell_mal50_S3/rigid_easy_backfill/F30,45512.0,424714.0,4,3,0.7,0.30000000000000004,716.4000000000001,93.30718988460897,67.14431532663403,29.804273101619206,149.10000000000497,37.27500000000124,0.052030988274708596
cori_haswell,50,S3,rigid_easy_backfill,F10,cori_haswell_mal50_S3/rigid_easy_backfill/F10,45512.0,424714.0,4,3,0.9,0.09999999999999998,238.79999999999995,90.19610494602692,74.92351078308239,9.848570107481853,115.5166666666618,28.87916666666545,0.1209345337800061
cori_haswell,50,S7,min_steal_agreement,F30,cori_haswell_mal50_S7/min_steal_agreement/F30,22154.0,424714.0,4,3,0.7,0.30000000000000004,716.4000000000001,99.79243730225225,70.01134142936854,29.874546342825237,77.85000000000564,19.46250000000141,0.027167085427137642
cori_haswell,50,S7,min_steal_agreement,F10,cori_haswell_mal50_S7/min_steal_agreement/F10,46601.0,424714.0,4,3,0.9,0.09999999999999998,238.79999999999995,99.85802856877005,89.92894158291743,9.940937325516472,44.99999999999062,11.249999999997655,0.04711055276380929
cori_haswell,50,S7,rigid_easy_backfill,F30,cori_haswell_mal50_S7/rigid_easy_backfill/F30,45512.0,424714.0,4,3,0.7,0.30000000000000004,716.4000000000001,93.30499430020576,68.55119782942546,29.158902149637072,631.8333333333374,157.95833333333434,0.22048901916992505
cori_haswell,50,S7,rigid_easy_backfill,F10,cori_haswell_mal50_S7/rigid_easy_backfill/F10,45512.0,424714.0,4,3,0.9,0.09999999999999998,238.79999999999995,90.2960694677094,74.77356400055858,9.882223618090451,86.64999999999316,21.66249999999829,0.09071398659965785
cori_haswell,75,S0,min_steal_agreement,F30,cori_haswell_mal75_S0/min_steal_agreement/F30,22154.0,424714.0,4,3,0.7,0.30000000000000004,716.4000000000001,99.79777359017369,70.00946573143445,29.849965975711896,114.51666666667522,28.629166666668805,0.03996254420249693
cori_haswell,75,S0,min_steal_agreement,F10,cori_haswell_mal75_S0/min_steal_agreement/F10,31139.0,424714.0,4,3,0.9,0.09999999999999998,238.79999999999995,99.8766546854645,89.9743073003933,9.8843610413177,87.71666666666016,21.92916666666504,0.09183068118368946
cori_haswell,75,S0,rigid_easy_backfill,F30,cori_haswell_mal75_S0/rigid_easy_backfill/F30,45512.0,424714.0,4,3,0.7,0.30000000000000004,716.4000000000001,93.51991438674949,66.94527324120688,29.802048436627583,149.2500000000014,37.31250000000035,0.052083333333333814
cori_haswell,75,S0,rigid_easy_backfill,F10,cori_haswell_mal75_S0/rigid_easy_backfill/F10,45512.0,424714.0,4,3,0.9,0.09999999999999998,238.79999999999995,90.08587497673614,74.94992322724761,9.90076249302066,75.74999999999324,18.93749999999831,0.0793027638190884
cori_haswell,75,S3,min_steal_agreement,F30,cori_haswell_mal75_S3/min_steal_agreement/F30,24806.0,424714.0,4,3,0.7,0.30000000000000004,716.4000000000001,99.76321131118691,69.99319514237848,29.85709798994975,109.20000000000645,27.300000000001614,0.03810720268006925
cori_haswell,75,S3,min_steal_agreement,F10,cori_haswell_mal75_S3/min_steal_agreement/F10,39019.0,424714.0,4,3,0.9,0.09999999999999998,238.79999999999995,99.83105632328379,89.91661868369906,9.924361390284757,57.73333333332457,14.433333333331143,0.06044109436068319
cori_haswell,75,S3,rigid_easy_backfill,F30,cori_haswell_mal75_S3/rigid_easy_backfill/F30,45512.0,424714.0,4,3,0.7,0.30000000000000004,716.4000000000001,93.30394739903322,67.1637484296492,29.77919109436069,168.35000000000392,42.08750000000098,0.05874860413177132
cori_haswell,75,S3,rigid_easy_backfill,F10,cori_haswell_mal75_S3/rigid_easy_backfill/F10,45512.0,424714.0,4,3,0.9,0.09999999999999998,238.79999999999995,90.17019414200674,74.96678269821363,9.85376099246231,106.29999999999536,26.57499999999884,0.11128559463986117
cori_haswell,75,S7,min_steal_agreement,F30,cori_haswell_mal75_S7/min_steal_agreement/F30,24828.0,424714.0,4,3,0.7,0.30000000000000004,716.4000000000001,99.77382572585165,69.98181009212682,29.901656721105528,58.60000000000167,14.650000000000418,0.020449469570073167
cori_haswell,75,S7,min_steal_agreement,F10,cori_haswell_mal75_S7/min_steal_agreement/F10,37375.0,424714.0,4,3,0.9,0.09999999999999998,238.79999999999995,99.83749767355312,89.95345651870748,9.911754955332217,64.94999999999081,16.237499999997702,0.06799623115576929
cori_haswell,75,S7,rigid_easy_backfill,F30,cori_haswell_mal75_S7/rigid_easy_backfill/F30,45512.0,424714.0,4,3,0.7,0.30000000000000004,716.4000000000001,93.4125488553888,67.01910158431083,29.207626675041876,605.3333333333178,151.33333333332945,0.2112413921459093
cori_haswell,75,S7,rigid_easy_backfill,F10,cori_haswell_mal75_S7/rigid_easy_backfill/F10,45512.0,424714.0,4,3,0.9,0.09999999999999998,238.79999999999995,90.32640052112458,74.71829634282568,9.884055695142377,85.3999999999931,21.349999999998275,0.08940536013399614
cori_knl,0,S0,min_steal_agreement,F30,cori_knl_mal0_S0/min_steal_agreement/F30,121.0,431973.0,4,3,0.7,0.30000000000000004,2906.4000000000005,97.07559179741307,76.15380604011787,23.40187818263143,20453.216666666834,5113.304166666709,1.7593256835489635
cori_knl,0,S0,min_steal_agreement,F10,cori_knl_mal0_S0/min_steal_agreement/F10,121.0,431973.0,4,3,0.9,0.09999999999999998,968.7999999999998,98.84731397375977,87.4664103358099,9.46167832197908,1668.7666666666207,417.1916666666552,0.43062723644369866
cori_knl,0,S0,rigid_easy_backfill,F30,cori_knl_mal0_S0/rigid_easy_backfill/F30,121.0,431973.0,4,3,0.7,0.30000000000000004,2906.4000000000005,96.89245429626648,75.63205339939371,23.50217408133774,20127.5500000003,5031.887500000075,1.7313127924580494
cori_knl,0,S0,rigid_easy_backfill,F10,cori_knl_mal0_S0/rigid_easy_backfill/F10,121.0,431973.0,4,3,0.9,0.09999999999999998,968.7999999999998,98.58858539200928,89.13137816542744,9.317744890586292,2113.9999999999613,528.4999999999903,0.545520231213863
cori_knl,0,S3,min_steal_agreement,F30,cori_knl_mal0_S3/min_steal_agreement/F30,121.0,431973.0,4,3,0.7,0.30000000000000004,2906.4000000000005,97.65721052390192,75.15824452071168,23.641252924580236,19711.83333333296,4927.95833333324,1.6955540645930496
cori_knl,0,S3,min_steal_agreement,F10,cori_knl_mal0_S3/min_steal_agreement/F10,121.0,431973.0,4,3,0.9,0.09999999999999998,968.7999999999998,97.88255373199418,89.51427238163926,9.530481222474538,1455.383333333275,363.84583333331875,0.3755634117808823
cori_knl,0,S3,rigid_easy_backfill,F30,cori_knl_mal0_S3/rigid_easy_backfill/F30,121.0,431973.0,4,3,0.7,0.30000000000000004,2906.4000000000005,97.91695339021997,75.26129834159025,23.58415909716488,19888.85000000003,4972.212500000008,1.7107805188549432
cori_knl,0,S3,rigid_easy_backfill,F10,cori_knl_mal0_S3/rigid_easy_backfill/F10,121.0,431973.0,4,3,0.9,0.09999999999999998,968.7999999999998,98.54560911551572,87.43801932803375,9.66786660473438,1028.9833333333263,257.2458333333316,0.2655303812276338
cori_knl,0,S7,min_steal_agreement,F30,cori_knl_mal0_S7/min_steal_agreement/F30,121.0,431973.0,4,3,0.7,0.30000000000000004,2906.4000000000005,97.48123752752633,76.78172524428749,22.412504515895954,23520.91666666715,5880.229166666788,2.023200236260249
cori_knl,0,S7,min_steal_agreement,F10,cori_knl_mal0_S7/min_steal_agreement/F10,121.0,431973.0,4,3,0.9,0.09999999999999998,968.7999999999998,98.30044614184852,87.21074073596141,9.43669036436829,1745.4833333333017,436.37083333332544,0.4504240641343162
cori_knl,0,S7,rigid_easy_backfill,F30,cori_knl_mal0_S7/rigid_easy_backfill/F30,121.0,431973.0,4,3,0.7,0.30000000000000004,2906.4000000000005,97.64972703917861,77.31842872625906,22.303434876479493,23846.93333333337,5961.733333333343,2.051243233324161
cori_knl,0,S7,rigid_easy_backfill,F10,cori_knl_mal0_S7/rigid_easy_backfill/F10,121.0,431973.0,4,3,0.9,0.09999999999999998,968.7999999999998,98.03820878062271,89.4345238095235,9.124733347096065,2708.8333333332953,677.2083333333238,0.6990176851087159
cori_knl,100,S0,min_steal_agreement,F30,cori_knl_mal100_S0/min_steal_agreement/F30,37096.0,431973.0,4,3,0.7,0.30000000000000004,2906.4000000000005,99.81611701761665,70.14820202828066,29.79774162193779,627.0333333333322,156.75833333333304,0.05393556748325523
cori_knl,100,S0,min_steal_agreement,F10,cori_knl_mal100_S0/min_steal_agreement/F10,37096.0,431973.0,4,3,0.9,0.09999999999999998,968.7999999999998,99.88008504220602,90.07610897501975,9.880769594687585,369.63333333330854,92.40833333332714,0.09538432424992481
cori_knl,100,S0,rigid_easy_backfill,F30,cori_knl_mal100_S0/rigid_easy_backfill/F30,121.0,431973.0,4,3,0.7,0.30000000000000004,2906.4000000000005,96.98691178663236,71.8917733278282,27.09513917561244,9000.55000000013,2250.1375000000326,0.7742009014588604
cori_knl,100,S0,rigid_easy_backfill,F10,cori_knl_mal100_S0/rigid_easy_backfill/F10,121.0,431973.0,4,3,0.9,0.09999999999999998,968.7999999999998,98.58751734677594,89.18867090730713,9.55850128165428,1368.4999999999482,342.12499999998704,0.3531430635838017
cori_knl,100,S3,min_steal_agreement,F30,cori_knl_mal100_S3/min_steal_agreement/F30,37096.0,431973.0,4,3,0.7,0.30000000000000004,2906.4000000000005,99.81093807344712,70.64395601087173,29.332378543903108,2046.2833333333267,511.5708333333317,0.17601528809982506
cori_knl,100,S3,min_steal_agreement,F10,cori_knl_mal100_S3/min_steal_agreement/F10,37096.0,431973.0,4,3,0.9,0.09999999999999998,968.7999999999998,99.88256161689199,90.14736873795827,9.808719549958713,592.9999999999648,148.2499999999912,0.15302436003302147
cori_knl,100,S3,rigid_easy_backfill,F30,cori_knl_mal100_S3/rigid_easy_backfill/F30,121.0,431973.0,4,3,0.7,0.30000000000000004,2906.4000000000005,97.91839059202779,71.61737888797124,27.17268356041839,8763.233333333448,2190.808333333362,0.7537876181301134
cori_knl,100,S3,rigid_easy_backfill,F10,cori_knl_mal100_S3/rigid_easy_backfill/F10,121.0,431973.0,4,3,0.9,0.09999999999999998,968.7999999999998,98.86604777387907,87.49875812861274,9.730906361822186,834.0499999999552,208.5124999999888,0.21522760115605782
cori_knl,100,S7,min_steal_agreement,F30,cori_knl_mal100_S7/min_steal_agreement/F30,37096.0,431973.0,4,3,0.7,0.30000000000000004,2906.4000000000005,99.84061754518753,70.23063325763749,29.748459219309108,779.5666666666797,194.89166666666992,0.06705603725112506
cori_knl,100,S7,min_steal_agreement,F10,cori_knl_mal100_S7/min_steal_agreement/F10,37096.0,431973.0,4,3,0.9,0.09999999999999998,968.7999999999998,99.87004613381994,90.06384079101022,9.896607486925406,320.53333333331136,80.13333333332784,0.08271401045966954
cori_knl,100,S7,rigid_easy_backfill,F30,cori_knl_mal100_S7/rigid_easy_backfill/F30,121.0,431973.0,4,3,0.7,0.30000000000000004,2906.4000000000005,97.52808098793545,72.60274738508102,26.99351538845307,9316.166666666635,2329.041666666659,0.8013493210386246
cori_knl,100,S7,rigid_easy_backfill,F10,cori_knl_mal100_S7/rigid_easy_backfill/F10,121.0,431973.0,4,3,0.9,0.09999999999999998,968.7999999999998,98.00905257936587,89.04418374105435,9.39157441336361,1882.2499999999989,470.5624999999997,0.4857168662262591
cori_knl,25,S0,min_steal_agreement,F30,cori_knl_mal25_S0/min_steal_agreement/F30,37652.0,431973.0,4,3,0.7,0.30000000000000004,2906.4000000000005,98.78832060280777,70.84990774669451,29.10318607211671,2756.4333333333757,689.1083333333439,0.237100307367652
cori_knl,25,S0,min_steal_agreement,F10,cori_knl_mal25_S0/min_steal_agreement/F10,37788.0,431973.0,4,3,0.9,0.09999999999999998,968.7999999999998,99.75719532755326,90.0616150994332,9.91814938583815,253.34999999997544,63.33749999999386,0.06537727085053043
cori_knl,25,S0,rigid_easy_backfill,F30,cori_knl_mal25_S0/rigid_easy_backfill/F30,121.0,431973.0,4,3,0.7,0.30000000000000004,2906.4000000000005,97.0491881422613,75.63499948389625,23.538059325970274,19988.466666666292,4997.116666666573,1.7193492522249423
cori_knl,25,S0,rigid_easy_backfill,F10,cori_knl_mal25_S0/rigid_easy_backfill/F10,121.0,431973.0,4,3,0.9,0.09999999999999998,968.7999999999998,98.57431372717788,89.03084571979008,9.543055842279108,1415.4000000000042,353.85000000000105,0.3652456647398855
cori_knl,25,S3,min_steal_agreement,F30,cori_knl_mal25_S3/min_steal_agreement/F30,37814.0,431973.0,4,3,0.7,0.30000000000000004,2906.4000000000005,94.41687239081593,70.85892341040318,29.08023026768511,2772.1166666666636,693.0291666666659,0.2384493416827229
cori_knl,25,S3,min_steal_agreement,F10,cori_knl_mal25_S3/min_steal_agreement/F10,37814.0,431973.0,4,3,0.9,0.09999999999999998,968.7999999999998,99.90352469263269,90.12475700178929,9.860630849160474,431.7333333333134,107.93333333332835,0.11140930360583028
cori_knl,25,S3,rigid_easy_backfill,F30,cori_knl_mal25_S3/rigid_easy_backfill/F30,121.0,431973.0,4,3,0.7,0.30000000000000004,2906.4000000000005,98.42661525713416,75.70632913569897,23.015645429053126,21603.866666667054,5400.966666666764,1.858301220295473
cori_knl,25,S3,rigid_easy_backfill,F10,cori_knl_mal25_S3/rigid_easy_backfill/F10,121.0,431973.0,4,3,0.9,0.09999999999999998,968.7999999999998,99.03747261790117,88.07869593827343,9.354748357074044,1957.7166666666228,489.4291666666557,0.5051911299201649
cori_knl,25,S7,min_steal_agreement,F30,cori_knl_mal25_S7/min_steal_agreement/F30,37652.0,431973.0,4,3,0.7,0.30000000000000004,2906.4000000000005,98.14651860262437,70.36022871937581,29.622863551128543,1137.9166666666704,284.4791666666676,0.09788025277548429
cori_knl,25,S7,min_steal_agreement,F10,cori_knl_mal25_S7/min_steal_agreement/F10,37783.0,431973.0,4,3,0.9,0.09999999999999998,968.7999999999998,98.97379848495316,90.84394568882226,9.143958161299203,2641.833333333282,660.4583333333205,0.6817282548857563
cori_knl,25,S7,rigid_easy_backfill,F30,cori_knl_mal25_S7/rigid_easy_backfill/F30,121.0,431973.0,4,3,0.7,0.30000000000000004,2906.4000000000005,97.6842449708695,77.14223889519623,22.48425887696119,23293.616666666992,5823.404166666748,2.0036485572071108
cori_knl,25,S7,rigid_easy_backfill,F10,cori_knl_mal25_S7/rigid_easy_backfill/F10,121.0,431973.0,4,3,0.9,0.09999999999999998,968.7999999999998,98.08561135195968,89.42920687964443,9.110863095238095,2754.649999999973,688.6624999999932,0.710840730800984
cori_knl,50,S0,min_steal_agreement,F30,cori_knl_mal50_S0/min_steal_agreement/F30,37652.0,431973.0,4,3,0.7,0.30000000000000004,2906.4000000000005,99.72225806266661,71.4667038690468,28.486411454032478,4691.750000000089,1172.9375000000223,0.4035705684007783
cori_knl,50,S0,min_steal_agreement,F10,cori_knl_mal50_S0/min_steal_agreement/F10,37783.0,431973.0,4,3,0.9,0.09999999999999998,968.7999999999998,99.92935490067957,90.01977854906109,9.960926747866777,120.78333333330927,30.195833333327318,0.031168283787497236
cori_knl,50,S0,rigid_easy_backfill,F30,cori_knl_mal50_S0/rigid_easy_backfill/F30,121.0,431973.0,4,3,0.7,0.30000000000000004,2906.4000000000005,97.06835202770999,75.4617396091383,23.589707197908062,19869.1333333331,4967.283333333275,1.709084549041176
cori_knl,50,S0,rigid_easy_backfill,F10,cori_knl_mal50_S0/rigid_easy_backfill/F10,121.0,431973.0,4,3,0.9,0.09999999999999998,968.7999999999998,98.54293900243198,89.19836933147405,9.55048019026975,1379.049999999947,344.76249999998674,0.3558655037159236
cori_knl,50,S3,min_steal_agreement,F30,cori_knl_mal50_S3/min_steal_agreement/F30,37652.0,431973.0,4,3,0.7,0.30000000000000004,2906.4000000000005,98.94865999747739,70.25901888934635,29.690026751307457,877.0000000000479,219.25000000001197,0.07543696669419624
cori_knl,50,S3,min_steal_agreement,F10,cori_knl_mal50_S3/min_steal_agreement/F10,37795.0,431973.0,4,3,0.9,0.09999999999999998,968.7999999999998,99.84701148041144,90.15109435211727,9.82711107383705,535.9166666666475,133.97916666666188,0.13829393751719848
cori_knl,50,S3,rigid_easy_backfill,F30,cori_knl_mal50_S3/rigid_easy_backfill/F30,121.0,431973.0,4,3,0.7,0.30000000000000004,2906.4000000000005,98.00045445683155,71.75927479011787,26.81443860962015,9875.28333333345,2468.8208333333623,0.8494428961372701
cori_knl,50,S3,rigid_easy_backfill,F10,cori_knl_mal50_S3/rigid_easy_backfill/F10,121.0,431973.0,4,3,0.9,0.09999999999999998,968.7999999999998,98.68281708757722,87.41570327552945,9.675092038260392,1006.8499999999632,251.7124999999908,0.25981884805944555
cori_knl,50,S7,min_steal_agreement,F30,cori_knl_mal50_S7/min_steal_agreement/F30,37652.0,431973.0,4,3,0.7,0.30000000000000004,2906.4000000000005,99.48975751789187,70.49405514554,29.48196222130471,1584.6000000000045,396.1500000000011,0.1363026424442613
cori_knl,50,S7,min_steal_agreement,F10,cori_knl_mal50_S7/min_steal_agreement/F10,37795.0,431973.0,4,3,0.9,0.09999999999999998,968.7999999999998,99.90029546862135,90.15204591590661,9.83127214939444,514.4499999999753,128.61249999999382,0.13275443848058818
cori_knl,50,S7,rigid_easy_backfill,F30,cori_knl_mal50_S7/rigid_easy_backfill/F30,121.0,431973.0,4,3,0.7,0.30000000000000004,2906.4000000000005,97.57912494839027,77.03927109138384,22.519665651665292,23183.599999999824,5795.899999999956,1.9941852463528609
cori_knl,50,S7,rigid_easy_backfill,F10,cori_knl_mal50_S7/rigid_easy_backfill/F10,121.0,431973.0,4,3,0.9,0.09999999999999998,968.7999999999998,98.09239594802341,89.36414572151148,9.146958006468484,2636.8166666666402,659.2041666666601,0.6804336980456855
cori_knl,75,S0,min_steal_agreement,F30,cori_knl_mal75_S0/min_steal_agreement/F30,37652.0,431973.0,4,3,0.7,0.30000000000000004,2906.4000000000005,99.79550159418352,70.69980259083299,29.265580916253786,2271.566666666686,567.8916666666715,0.19539349940361664
cori_knl,75,S0,min_steal_agreement,F10,cori_knl_mal75_S0/min_steal_agreement/F10,38751.0,431973.0,4,3,0.9,0.09999999999999998,968.7999999999998,99.90581848105398,89.99076929362812,9.934110927608037,204.19999999997563,51.04999999999391,0.0526940545004066
cori_knl,75,S0,rigid_easy_backfill,F30,cori_knl_mal75_S0/rigid_easy_backfill/F30,121.0,431973.0,4,3,0.7,0.30000000000000004,2906.4000000000005,96.99593999449533,75.094500498898,23.929754163225983,18815.00000000018,4703.750000000045,1.6184110927608188
cori_knl,75,S0,rigid_easy_backfill,F10,cori_knl_mal75_S0/rigid_easy_backfill/F10,121.0,431973.0,4,3,0.9,0.09999999999999998,968.7999999999998,98.59115873589433,89.11698643510859,9.526277138384255,1467.5666666666361,366.89166666665903,0.3787073355353624
cori_knl,75,S3,min_steal_agreement,F30,cori_knl_mal75_S3/min_steal_agreement/F30,37271.0,431973.0,4,3,0.7,0.30000000000000004,2906.4000000000005,99.80232919878011,71.93630866363824,28.038343182287367,6059.433333333325,1514.8583333333313,0.5212146756583165
cori_knl,75,S3,min_steal_agreement,F10,cori_knl_mal75_S3/min_steal_agreement/F10,38754.0,431973.0,4,3,0.9,0.09999999999999998,968.7999999999998,99.9286631801085,90.33788578654189,9.64721175681255,1093.199999999987,273.29999999999677,0.28210156895127664
cori_knl,75,S3,rigid_easy_backfill,F30,cori_knl_mal75_S3/rigid_easy_backfill/F30,121.0,431973.0,4,3,0.7,0.30000000000000004,2906.4000000000005,97.96806186347457,71.93401308319478,26.882607134255437,9655.466666666647,2413.866666666662,0.8305349114597651
cori_knl,75,S3,rigid_easy_backfill,F10,cori_knl_mal75_S3/rigid_easy_backfill/F10,121.0,431973.0,4,3,0.9,0.09999999999999998,968.7999999999998,98.91419224240833,87.48403308216254,9.731798788879715,831.2999999999644,207.8249999999911,0.21451796036332693
cori_knl,75,S7,min_steal_agreement,F30,cori_knl_mal75_S7/min_steal_agreement/F30,37083.0,431973.0,4,3,0.7,0.30000000000000004,2906.4000000000005,99.76053924098571,70.39858695464933,29.58266132500688,1293.4499999999925,323.36249999999814,0.1112587737407095
cori_knl,75,S7,min_steal_agreement,F10,cori_knl_mal75_S7/min_steal_agreement/F10,37083.0,431973.0,4,3,0.9,0.09999999999999998,968.7999999999998,99.92224774061872,90.08083991364117,9.908773525667494,282.54999999997284,70.63749999999321,0.07291236581337038
cori_knl,75,S7,rigid_easy_backfill,F30,cori_knl_mal75_S7/rigid_easy_backfill/F30,121.0,431973.0,4,3,0.7,0.30000000000000004,2906.4000000000005,97.69449175383109,77.11233183663632,22.48542548341591,23270.183333333567,5817.545833333392,2.001632890632188
cori_knl,75,S7,rigid_easy_backfill,F10,cori_knl_mal75_S7/rigid_easy_backfill/F10,121.0,431973.0,4,3,0.9,0.09999999999999998,968.7999999999998,97.98321161918604,89.1791391412057,9.285160550853288,2177.6833333334107,544.4208333333527,0.5619537916322799
theta,0,S0,min_steal_agreement,F30,theta_mal0_S0/min_steal_agreement/F30,10758.0,1205050.0,13,12,0.7,0.30000000000000004,1317.6000000000001,92.72355790515485,76.14335942973042,21.21187707253281,39972.71666666649,3074.8243589743456,2.3336554029859937
theta,0,S0,min_steal_agreement,F10,theta_mal0_S0/min_steal_agreement/F10,66074.0,1205050.0,13,12,0.9,0.09999999999999998,439.1999999999999,96.87342279523293,88.49965774018148,9.22380362313764,3497.5666666656816,269.04358974351396,0.6125764793795857
theta,0,S0,rigid_easy_backfill,F30,theta_mal0_S0/rigid_easy_backfill/F30,10758.0,1205050.0,13,12,0.7,0.30000000000000004,1317.6000000000001,92.2572152176955,75.79121494208567,21.03617153565924,40764.01666666436,3135.6935897434128,2.379852451232098
theta,0,S0,rigid_easy_backfill,F10,theta_mal0_S0/rigid_easy_backfill/F10,66074.0,1205050.0,13,12,0.9,0.09999999999999998,439.1999999999999,96.55373841011856,89.51161202186042,8.154394937181822,8403.433333333665,646.4179487179742,1.4718077156602332
theta,0,S3,min_steal_agreement,F30,theta_mal0_S3/min_steal_agreement/F30,10758.0,1205050.0,13,12,0.7,0.30000000000000004,1317.6000000000001,94.0398143404706,76.79856440614755,20.50309274438373,43228.28333333274,3325.2525641025186,2.5237193109460523
theta,0,S3,min_steal_agreement,F10,theta_mal0_S3/min_steal_agreement/F10,66074.0,1205050.0,13,12,0.9,0.09999999999999998,439.1999999999999,96.31563780737957,89.35299393419321,8.947175225351454,4777.716666665766,367.51666666659736,0.8367865816634733
theta,0,S3,rigid_easy_backfill,F30,theta_mal0_S3/rigid_easy_backfill/F30,10758.0,1205050.0,13,12,0.7,0.30000000000000004,1317.6000000000001,92.30755532470954,75.63611067325401,22.083409958666106,35993.14999999593,2768.703846153533,2.101323501938018
theta,0,S3,rigid_easy_backfill,F10,theta_mal0_S3/rigid_easy_backfill/F10,66074.0,1205050.0,13,12,0.9,0.09999999999999998,439.1999999999999,95.97471056909083,88.66124597169626,9.043909234739154,4324.683333332585,332.66794871789114,0.7574406846946522
theta,0,S7,min_steal_agreement,F30,theta_mal0_S7/min_steal_agreement/F30,10758.0,1205050.0,13,12,0.7,0.30000000000000004,1317.6000000000001,87.06508479748527,71.48629063332064,24.955546360515623,22921.149999997957,1763.1653846152274,1.338164378123275
theta,0,S7,min_steal_agreement,F10,theta_mal0_S7/min_steal_agreement/F10,66074.0,1205050.0,13,12,0.9,0.09999999999999998,439.1999999999999,96.51584003744476,88.98468879898633,8.952542647470926,4753.333333332356,365.6410256409505,0.8325159964502518
theta,0,S7,rigid_easy_backfill,F30,theta_mal0_S7/rigid_easy_backfill/F30,10758.0,1205050.0,13,12,0.7,0.30000000000000004,1317.6000000000001,85.8691742245996,67.9690455548543,28.028470324833034,8824.200000000805,678.7846153846773,0.5151674372986318
theta,0,S7,rigid_easy_backfill,F10,theta_mal0_S7/rigid_easy_backfill/F10,66074.0,1205050.0,13,12,0.9,0.09999999999999998,439.1999999999999,96.49942169158801,88.73189452851996,9.272318405258979,3277.466666665736,252.1128205127489,0.5740273691091734
theta,100,S0,min_steal_agreement,F30,theta_mal100_S0/min_steal_agreement/F30,62995.0,1205050.0,13,12,0.7,0.30000000000000004,1317.6000000000001,99.6210083674897,71.04884025734486,28.9240891072346,4895.516666666439,376.5782051281876,0.28580616661216424
theta,100,S0,min_steal_agreement,F10,theta_mal100_S0/min_steal_agreement/F10,62995.0,1205050.0,13,12,0.9,0.09999999999999998,439.1999999999999,99.93826567560066,89.99972998692425,9.967872092615945,145.0499999999811,11.157692307690855,0.025404581757037473
theta,100,S0,rigid_easy_backfill,F30,theta_mal100_S0/rigid_easy_backfill/F30,10758.0,1205050.0,13,12,0.7,0.30000000000000004,1317.6000000000001,91.14870511093461,71.91792843047986,24.850795881789733,23483.40000000094,1806.415384615457,1.3709892111532005
theta,100,S0,rigid_easy_backfill,F10,theta_mal100_S0/rigid_easy_backfill/F10,66074.0,1205050.0,13,12,0.9,0.09999999999999998,439.1999999999999,96.42892380085388,88.49266294194308,9.264108548176171,3334.5833333327773,256.5064102563675,0.5840309887440063
theta,100,S3,min_steal_agreement,F30,theta_mal100_S3/min_steal_agreement/F30,62995.0,1205050.0,13,12,0.7,0.30000000000000004,1317.6000000000001,99.86205189992219,70.46273673579411,29.50241333309981,2261.8500000004733,173.98846153849794,0.132049530615132
theta,100,S3,min_steal_agreement,F10,theta_mal100_S3/min_steal_agreement/F10,62995.0,1205050.0,13,12,0.9,0.09999999999999998,439.1999999999999,99.93817871192991,90.46247402036343,9.500001459530148,2282.983333332868,175.61410256406677,0.3998499603006986
theta,100,S3,rigid_easy_backfill,F30,theta_mal100_S3/rigid_easy_backfill/F30,10758.0,1205050.0,13,12,0.7,0.30000000000000004,1317.6000000000001,90.39555821189897,70.51941758908895,26.344504577086543,16597.583333333016,1276.7371794871551,0.9689869303940156
theta,100,S3,rigid_easy_backfill,F10,theta_mal100_S3/rigid_easy_backfill/F10,66074.0,1205050.0,13,12,0.9,0.09999999999999998,439.1999999999999,96.16481908394125,88.0467181005082,9.482249924104433,2326.8999999999705,178.99230769230542,0.4075416841810234
theta,100,S7,min_steal_agreement,F30,theta_mal100_S7/min_steal_agreement/F30,62995.0,1205050.0,13,12,0.7,0.30000000000000004,1317.6000000000001,99.83337958219984,71.52453032320163,28.44827498131801,7064.016666667512,543.3858974359625,0.4124058116544949
theta,100,S7,min_steal_agreement,F10,theta_mal100_S7/min_steal_agreement/F10,62995.0,1205050.0,13,12,0.9,0.09999999999999998,439.1999999999999,99.94020061728828,90.35427905048955,9.618358408061276,1737.8166666666666,133.67820512820512,0.3043674980150391
theta,100,S7,rigid_easy_backfill,F30,theta_mal100_S7/rigid_easy_backfill/F30,10758.0,1205050.0,13,12,0.7,0.30000000000000004,1317.6000000000001,88.56266641684206,69.21788522838916,27.17145246602214,12850.766666667527,988.520512820579,0.750243255024726
theta,100,S7,rigid_easy_backfill,F10,theta_mal100_S7/rigid_easy_backfill/F10,66074.0,1205050.0,13,12,0.9,0.09999999999999998,439.1999999999999,96.5276453558273,88.03951896805924,9.53155650133109,2100.8999999997995,161.6076923076769,0.367959226565749
theta,25,S0,min_steal_agreement,F30,theta_mal25_S0/min_steal_agreement/F30,63035.0,1205050.0,13,12,0.7,0.30000000000000004,1317.6000000000001,90.70688024943925,70.83268019359564,28.40953905118864,7231.633333333882,556.2794871795294,0.4221914747871352
theta,25,S0,min_steal_agreement,F10,theta_mal25_S0/min_steal_agreement/F10,66172.0,1205050.0,13,12,0.9,0.09999999999999998,439.1999999999999,99.36790455500159,89.97569152538406,9.816781531689319,836.7333333333122,64.36410256410093,0.14654850310587647
theta,25,S0,rigid_easy_backfill,F30,theta_mal25_S0/rigid_easy_backfill/F30,10758.0,1205050.0,13,12,0.7,0.30000000000000004,1317.6000000000001,92.25764015381708,75.78932849936902,21.061016387604504,40799.73333332988,3138.44102564076,2.3819376333035516
theta,25,S0,rigid_easy_backfill,F10,theta_mal25_S0/rigid_easy_backfill/F10,66074.0,1205050.0,13,12,0.9,0.09999999999999998,439.1999999999999,96.58980856924705,89.43294334688042,8.186044848442389,8258.983333332946,635.3064102563804,1.4465082200737265
theta,25,S3,min_steal_agreement,F30,theta_mal25_S3/min_steal_agreement/F30,16785.0,1205050.0,13,12,0.7,0.30000000000000004,1317.6000000000001,93.14734571063546,71.25538566625035,28.597161651721077,6344.4666666673575,488.0358974359506,0.37039761493317436
theta,25,S3,min_steal_agreement,F10,theta_mal25_S3/min_steal_agreement/F10,66074.0,1205050.0,13,12,0.9,0.09999999999999998,439.1999999999999,99.25238517633002,90.12543931857516,9.829720266451822,754.7666666666497,58.05897435897305,0.13219256456961082
theta,25,S3,rigid_easy_backfill,F30,theta_mal25_S3/rigid_easy_backfill/F30,10758.0,1205050.0,13,12,0.7,0.30000000000000004,1317.6000000000001,89.59604386447897,72.21203470179056,24.65735340479193,24367.366666663755,1874.4128205125965,1.4225962511479935
theta,25,S3,rigid_easy_backfill,F10,theta_mal25_S3/rigid_easy_backfill/F10,66074.0,1205050.0,13,12,0.9,0.09999999999999998,439.1999999999999,95.9967143543824,88.54016335061418,9.182024572649574,3732.84999999925,287.14230769225003,0.6537848535798044
theta,25,S7,min_steal_agreement,F30,theta_mal25_S7/min_steal_agreement/F30,66118.0,1205050.0,13,12,0.7,0.30000000000000004,1317.6000000000001,86.85670402942159,69.91000537107409,29.058219927840828,4218.550000000863,324.50384615391255,0.246284036243103
theta,25,S7,min_steal_agreement,F10,theta_mal25_S7/min_steal_agreement/F10,66126.0,1205050.0,13,12,0.9,0.09999999999999998,439.1999999999999,99.14691010170316,90.30638821750577,9.58832127761431,1854.433333333335,142.6487179487181,0.3247921629069174
theta,25,S7,rigid_easy_backfill,F30,theta_mal25_S7/rigid_easy_backfill/F30,10758.0,1205050.0,13,12,0.7,0.30000000000000004,1317.6000000000001,85.8700320026304,67.84174168651535,28.19919156625099,8067.966666667474,620.6128205128826,0.4710176233400748
theta,25,S7,rigid_easy_backfill,F10,theta_mal25_S7/rigid_easy_backfill/F10,66074.0,1205050.0,13,12,0.9,0.09999999999999998,439.1999999999999,96.70779850675312,88.25149382910655,9.213601507402737,3559.3166666658453,273.7935897435266,0.6233915977767001
theta,50,S0,min_steal_agreement,F30,theta_mal50_S0/min_steal_agreement/F30,66126.0,1205050.0,13,12,0.7,0.30000000000000004,1317.6000000000001,99.46855314587494,72.31529645976629,27.6495908936995,10733.650000000614,825.6653846154319,0.6266434309467455
theta,50,S0,min_steal_agreement,F10,theta_mal50_S0/min_steal_agreement/F10,66172.0,1205050.0,13,12,0.9,0.09999999999999998,439.1999999999999,99.93786248039727,90.37182990052158,9.587569619588063,1881.4499999999935,144.72692307692256,0.3295239596469094
theta,50,S0,rigid_easy_backfill,F30,theta_mal50_S0/rigid_easy_backfill/F30,10758.0,1205050.0,13,12,0.7,0.30000000000000004,1317.6000000000001,94.98947541932372,76.85691642146668,19.864369512166643,46216.53333333214,3555.117948717857,2.698176949543
theta,50,S0,rigid_easy_backfill,F10,theta_mal50_S0/rigid_easy_backfill/F10,66074.0,1205050.0,13,12,0.9,0.09999999999999998,439.1999999999999,96.08977734137832,89.29095660524845,8.380789956097333,7372.366666666043,567.1051282050802,1.2912229695015491
theta,50,S3,min_steal_agreement,F30,theta_mal50_S3/min_steal_agreement/F30,66126.0,1205050.0,13,12,0.7,0.30000000000000004,1317.6000000000001,99.45012672978865,70.68455247887016,29.28965762341787,3226.5166666667524,248.19358974359633,0.1883679339280482
theta,50,S3,min_steal_agreement,F10,theta_mal50_S3/min_steal_agreement/F10,66194.0,1205050.0,13,12,0.9,0.09999999999999998,439.1999999999999,99.93253002618727,90.37147231563097,9.595567844799401,1837.2333333332874,141.32564102563748,0.32177969268132406
theta,50,S3,rigid_easy_backfill,F30,theta_mal50_S3/rigid_easy_backfill/F30,10758.0,1205050.0,13,12,0.7,0.30000000000000004,1317.6000000000001,89.77650336470653,71.33992530124593,25.5444558287796,20193.716666664728,1553.3628205126713,1.178933531050904
theta,50,S3,rigid_easy_backfill,F10,theta_mal50_S3/rigid_easy_backfill/F10,66074.0,1205050.0,13,12,0.9,0.09999999999999998,439.1999999999999,96.15919609201127,88.09130674653207,9.419570401896221,2613.0833333330347,201.00641025638728,0.4576648685254721
theta,50,S7,min_steal_agreement,F30,theta_mal50_S7/min_steal_agreement/F30,66074.0,1205050.0,13,12,0.7,0.30000000000000004,1317.6000000000001,93.67028988944743,71.48972417799601,28.075251914903554,8733.033333333751,671.7717948718271,0.5098450173587029
theta,50,S7,min_steal_agreement,F10,theta_mal50_S7/min_steal_agreement/F10,66194.0,1205050.0,13,12,0.9,0.09999999999999998,439.1999999999999,99.8746576793691,90.4912486572327,9.475973944467796,2381.599999999481,183.19999999996008,0.417122040072769
theta,50,S7,rigid_easy_backfill,F30,theta_mal50_S7/rigid_easy_backfill/F30,10758.0,1205050.0,13,12,0.7,0.30000000000000004,1317.6000000000001,85.86653171485959,67.8432194607903,28.20163627924898,8063.850000000819,620.2961538462168,0.4707772873756958
theta,50,S7,rigid_easy_backfill,F10,theta_mal50_S7/rigid_easy_backfill/F10,66074.0,1205050.0,13,12,0.9,0.09999999999999998,439.1999999999999,96.72358834243991,88.22263891807968,9.22861277497548,3505.2499999991933,269.63461538455334,0.6139221661761235
theta,75,S0,min_steal_agreement,F30,theta_mal75_S0/min_steal_agreement/F30,66118.0,1205050.0,13,12,0.7,0.30000000000000004,1317.6000000000001,99.8559664193767,70.41611204521122,29.54430914599972,2080.250000000117,160.01923076923975,0.12144750361964157
theta,75,S0,min_steal_agreement,F10,theta_mal75_S0/min_steal_agreement/F10,66432.0,1205050.0,13,12,0.9,0.09999999999999998,439.1999999999999,99.93498872634927,90.28045601560332,9.701121065106722,1357.8666666666566,104.45128205128127,0.23782168044462954
theta,75,S0,rigid_easy_backfill,F30,theta_mal75_S0/rigid_easy_backfill/F30,10758.0,1205050.0,13,12,0.7,0.30000000000000004,1317.6000000000001,91.58417569507517,72.93420292139572,23.465384323478585,29775.050000001214,2290.388461538555,1.73830332539356
theta,75,S0,rigid_easy_backfill,F10,theta_mal75_S0/rigid_easy_backfill/F10,66074.0,1205050.0,13,12,0.9,0.09999999999999998,439.1999999999999,96.96980226042704,88.05848191350626,9.303760333473448,3156.666666666194,242.82051282047647,0.5528700200830522
theta,75,S3,min_steal_agreement,F30,theta_mal75_S3/min_steal_agreement/F30,62995.0,1205050.0,13,12,0.7,0.30000000000000004,1317.6000000000001,99.83249611035558,72.5125738522233,27.458841249824857,11588.749999999964,891.4423076923049,0.6765652001307717
theta,75,S3,min_steal_agreement,F10,theta_mal75_S3/min_steal_agreement/F10,62995.0,1205050.0,13,12,0.9,0.09999999999999998,439.1999999999999,99.93134020504762,90.61776073046538,9.35181171477278,2960.7166666662683,227.74743589740527,0.5185506281817062
theta,75,S3,rigid_easy_backfill,F30,theta_mal75_S3/rigid_easy_backfill/F30,10758.0,1205050.0,13,12,0.7,0.30000000000000004,1317.6000000000001,90.30848188309365,71.13927639414165,25.4225887102424,20780.13333333151,1598.4717948716545,1.2131692432237815
theta,75,S3,rigid_easy_backfill,F10,theta_mal75_S3/rigid_easy_backfill/F10,66074.0,1205050.0,13,12,0.9,0.09999999999999998,439.1999999999999,96.1643407837488,88.05704792513166,9.467738545607398,2382.1833333332524,183.24487179486556,0.4172242071832095
theta,75,S7,min_steal_agreement,F30,theta_mal75_S7/min_steal_agreement/F30,64689.0,1205050.0,13,12,0.7,0.30000000000000004,1317.6000000000001,99.83396461053367,72.69982062374673,27.256630645462614,12520.266666667216,963.0974358974781,0.7309482664674242
theta,75,S7,min_steal_agreement,F10,theta_mal75_S7/min_steal_agreement/F10,66394.0,1205050.0,13,12,0.9,0.09999999999999998,439.1999999999999,99.9118880129328,90.6102696919831,9.356131924011022,2916.749999999516,224.3653846153474,0.5108501471205543
theta,75,S7,rigid_easy_backfill,F30,theta_mal75_S7/rigid_easy_backfill/F30,10758.0,1205050.0,13,12,0.7,0.30000000000000004,1317.6000000000001,88.4836994503878,69.56938022511982,26.803081651954603,14484.18333333444,1114.1679487180338,0.8456040897981434
theta,75,S7,rigid_easy_backfill,F10,theta_mal75_S7/rigid_easy_backfill/F10,66074.0,1205050.0,13,12,0.9,0.09999999999999998,439.1999999999999,95.79443290199589,88.5222841062997,9.417818965718556,2602.76666666652,200.21282051280923,0.4558579702022069
